name,locale,translated_value
"app_name","ar","المثبت العالمي"
"download_notif_running_text","ar","%1$s / %2$s · %3$d%%"
"source_action_browse_packages_sub","ar",".APK · .APK+ · .XAPK · .APKS · .APKM"
"obb_copy_progress","ar","%1$s / %2$s · %3$d%%"
"obb_notif_running_text","ar","%d%%"
"apk_info_version_detail","ar","%1$s (%2$d)"
"uninstall_current_sort_summary","ar","%1$s %2$s"
"setting_shizuku_installer_preset_play","ar","متجر Google Play"
"setting_shizuku_installer_preset_aurora","ar","متجر Aurora"
"setting_shizuku_installer_preset_fdroid","ar","F-Droid"
"setting_shizuku_installer_preset_amazon","ar","متجر تطبيقات Amazon"
"setting_shizuku_installer_preset_samsung","ar","متجر Samsung Galaxy"
"setting_shizuku_installer_preset_huawei","ar","Huawei AppGallery"
"setting_shizuku_installer_preset_xiaomi","ar","Xiaomi GetApps"
"setting_about_app_name","ar","المثبت العالمي"
"setting_github_title","ar","GitHub"
"setting_telegram_title","ar","Telegram"
"setting_website_subtitle","ar","universal-installer.pwhs.app"
"setting_rate_title","ar","قيم التطبيق"
"about_creator_subtitle","ar","Pass With High Score"
"about_license_subtitle","ar","GNU GPL v3"
"about_btn_ok","ar","موافق"
"installer_mode_shizuku","ar","Shizuku"
"installer_mode_root","ar","Root"
"tv_sync_screen_title","ar","إرسال إلى التلفاز"
"tv_sync_hero_title","ar","إرسال تطبيق إلى تلفازك"
"tv_sync_instructions","ar","على التلفاز، افتح المثبت العالمي ← تثبيت، ثم امسح رمز QR المعروض هناك."
"tv_sync_btn_scan","ar","مسح رمز QR للتلفاز"
"tv_sync_prompt_scan","ar","امسح رمز QR على تلفازك"
"tv_sync_status_connected","ar","متصل بـ %1$s"
"tv_sync_btn_choose_apk","ar","اختر APK للإرسال"
"tv_sync_btn_rescan","ar","مسح تلفاز آخر"
"tv_sync_status_sending","ar","جاري الإرسال…"
"tv_sync_status_sent","ar","تم الإرسال ✓ — أكد التثبيت على تلفازك"
"tv_sync_status_failed","ar","فشل: %1$s"
"sync_storage_permission_title","ar","إذن التخزين مطلوب"
"sync_storage_permission_message","ar","يحتاج خادم المزامنة إلى وصول كامل للتخزين لمشاركة وإدارة ملفات APK. يرجى منح \الوصول إلى جميع الملفات\ في الإعدادات."
"sync_open_settings","ar","افتح الإعدادات"
"sync_qr_code_title","ar","مسح رمز QR"
"sync_qr_code_message","ar","افتح الكاميرا وامسح هذا الرمز للوصول إلى الخادم."
"sync_close","ar","إغلاق"
"sync_server_offline","ar","الخادم غير متصل"
"sync_server_starting","ar","جاري البدء…"
"sync_server_online","ar","الخادم متصل"
"sync_server_error","ar","خطأ"
"sync_hero_subtitle","ar","مشاركة ملفات APK مع أجهزة أخرى على نفس شبكة الـ Wi-Fi."
"sync_server_mode","ar","وضع الخادم"
"sync_server_running","ar","قيد التشغيل"
"sync_server_tap_to_start","ar","اضغط للبدء"
"sync_server_settings","ar","إعدادات الخادم"
"sync_port","ar","المنفذ"
"sync_require_pin","ar","يتطلب رمز PIN"
"sync_require_pin_subtitle","ar","حماية عمليات النقل بكلمة مرور"
"sync_pin_code","ar","رمز PIN"
"sync_active_downloads","ar","التنزيلات النشطة"
"sync_active_downloads_count","ar","%d قيد التنزيل"
"sync_no_active_downloads","ar","لا توجد تنزيلات نشطة"
"sync_server_url","ar","عنوان URL للخادم"
"sync_active_transfer","ar","النقل النشط"
"sync_active_transfers_count","ar","عمليات النقل النشطة (%d)"
"sync_add_files_to_share","ar","إضافة ملفات للمشاركة"
"sync_shared_files_count","ar","الملفات المشتركة (%1$d)"
"sync_empty_state_message","ar","قم بتشغيل الخادم لبدء مشاركة الملفات"
"sync_delete_cd","ar","حذف"
"sync_percentage","ar","%1$d%%"
"sync_transfer_progress","ar","%1$s / %2$s"
"sync_toast_added_skipped","ar","تمت إضافة %1$d ملف(ات)، تم تخطي %2$d غير مدعوم"
"sync_toast_added","ar","تمت إضافة %1$d ملف(ات) إلى مجلد المزامنة"
"sync_toast_unsupported","ar","لم يتم تحديد ملفات حزم مدعومة (apk, apk+, apks, xapk, apkm, zip)"
"sync_toast_failed","ar","فشل في نسخ الملفات"
"file_size_gb","ar","%1$.1f جيجابايت"
"file_size_mb","ar","%1$.1f ميجابايت"
"file_size_kb","ar","%1$.0f كيلوبايت"
"file_size_b","ar","%1$d بايت"
"setting_retry_root","ar","إعادة محاولة فحص Root"
"setting_section_interface","ar","الواجهة"
"setting_section_security","ar","الأمان"
"setting_lock_install_title","ar","قفل التثبيت"
"setting_lock_install_subtitle","ar","يتطلب القياسات الحيوية لتأكيد التثبيت"
"setting_lock_uninstall_title","ar","قفل إلغاء التثبيت"
"setting_lock_uninstall_subtitle","ar","يتطلب القياسات الحيوية لتأكيد إلغاء التثبيت"
"setting_biometric_unavailable","ar","لم يتم إعداد قياسات حيوية أو قفل جهاز على هذا الجهاز."
"setting_section_sync_short","ar","مزامنة"
"setting_sync_control_panel","ar","لوحة تحكم المزامنة"
"setting_section_advanced","ar","خيارات متقدمة"
"setting_vt_api_key_title","ar","مفتاح VirusTotal API"
"setting_vt_api_key_placeholder","ar","الصق مفتاح API هنا…"
"setting_diagnostics_title","ar","التشخيصات"
"setting_installer_package_title","ar","حزمة المثبت"
"backup_settings_title","ar","إعدادات النسخ الاحتياطي"
"backup_output_path","ar","مسار المخرجات"
"backup_filename_template","ar","قالب اسم الملف"
"backup_tags_hint","ar","العلامات: {name}, {pkg}, {version}, {code}"
"app_name","de","Universal Installer"
"download_notif_running_text","de","%1$s / %2$s · %3$d%%"
"source_action_browse_packages_sub","de",".APK · .APK+ · .XAPK · .APKS · .APKM"
"obb_copy_progress","de","%1$s / %2$s · %3$d%%"
"obb_notif_running_text","de","%d%%"
"apk_info_version_detail","de","%1$s (%2$d)"
"uninstall_current_sort_summary","de","%1$s %2$s"
"setting_shizuku_installer_preset_play","de","Google Play Store"
"setting_shizuku_installer_preset_aurora","de","Aurora Store"
"setting_shizuku_installer_preset_fdroid","de","F-Droid"
"setting_shizuku_installer_preset_amazon","de","Amazon Appstore"
"setting_shizuku_installer_preset_samsung","de","Samsung Galaxy Store"
"setting_shizuku_installer_preset_huawei","de","Huawei AppGallery"
"setting_shizuku_installer_preset_xiaomi","de","Xiaomi GetApps"
"setting_about_app_name","de","Universal Installer"
"setting_github_title","de","GitHub"
"setting_telegram_title","de","Telegram"
"setting_website_subtitle","de","universal-installer.pwhs.app"
"setting_rate_title","de","App bewerten"
"about_creator_subtitle","de","Pass With High Score"
"about_license_subtitle","de","GNU GPL v3"
"about_btn_ok","de","OK"
"installer_mode_shizuku","de","Shizuku"
"installer_mode_root","de","Root"
"tv_sync_screen_title","de","An TV senden"
"tv_sync_hero_title","de","Eine App an Ihren TV senden"
"tv_sync_instructions","de","Öffnen Sie auf dem Fernseher Universal Installer → Installieren und scannen Sie dann den dort angezeigten QR-Code."
"tv_sync_btn_scan","de","TV QR-Code scannen"
"tv_sync_prompt_scan","de","Scannen Sie den QR-Code auf Ihrem Fernseher"
"tv_sync_status_connected","de","Verbunden mit %1$s"
"tv_sync_btn_choose_apk","de","APK zum Senden auswählen"
"tv_sync_btn_rescan","de","Einen anderen Fernseher scannen"
"tv_sync_status_sending","de","Senden…"
"tv_sync_status_sent","de","Gesendet ✓ — bestätigen Sie die Installation auf Ihrem Fernseher"
"tv_sync_status_failed","de","Fehlgeschlagen: %1$s"
"sync_storage_permission_title","de","Speicherberechtigung erforderlich"
"sync_storage_permission_message","de","Sync Server benötigt vollen Speicherzugriff, um APK-Dateien zu teilen und zu verwalten. Bitte gewähren Sie in den Einstellungen „Zugriff auf alle Dateien“."
"sync_open_settings","de","Einstellungen öffnen"
"sync_qr_code_title","de","QR-Code scannen"
"sync_qr_code_message","de","Öffnen Sie Ihre Kamera und scannen Sie diesen Code, um auf den Server zuzugreifen."
"sync_close","de","Schließen"
"sync_server_offline","de","Server Offline"
"sync_server_starting","de","Starten…"
"sync_server_online","de","Server Online"
"sync_server_error","de","Fehler"
"sync_hero_subtitle","de","APK-Dateien mit anderen Geräten im selben WLAN-Netzwerk teilen."
"sync_server_mode","de","Server-Modus"
"sync_server_running","de","Läuft"
"sync_server_tap_to_start","de","Zum Starten tippen"
"sync_server_settings","de","Server-Einstellungen"
"sync_port","de","Port"
"sync_require_pin","de","PIN anfordern"
"sync_require_pin_subtitle","de","Übertragungen mit einem Passwort schützen"
"sync_pin_code","de","PIN-Code"
"sync_active_downloads","de","Aktive Downloads"
"sync_active_downloads_count","de","%d wird heruntergeladen"
"sync_no_active_downloads","de","Keine aktiven Downloads"
"sync_server_url","de","Server-URL"
"sync_active_transfer","de","Aktive Übertragung"
"sync_active_transfers_count","de","Aktive Übertragungen (%d)"
"sync_add_files_to_share","de","Dateien zum Teilen hinzufügen"
"sync_shared_files_count","de","Geteilte Dateien (%1$d)"
"sync_empty_state_message","de","Schalten Sie den Server ein, um Dateien zu teilen"
"sync_delete_cd","de","Löschen"
"sync_percentage","de","%1$d%%"
"sync_transfer_progress","de","%1$s / %2$s"
"sync_toast_added_skipped","de","%1$d Datei(en) hinzugefügt, %2$d nicht unterstützte übersprungen"
"sync_toast_added","de","%1$d Datei(en) zum Sync-Ordner hinzugefügt"
"sync_toast_unsupported","de","Keine unterstützten Paketdateien ausgewählt (apk, apk+, apks, xapk, apkm, zip)"
"sync_toast_failed","de","Fehler beim Kopieren der Dateien"
"file_size_gb","de","%1$.1f GB"
"file_size_mb","de","%1$.1f MB"
"file_size_kb","de","%1$.0f KB"
"file_size_b","de","%1$d B"
"setting_retry_root","de","Root-Probe wiederholen"
"setting_section_interface","de","Benutzeroberfläche"
"setting_section_security","de","Sicherheit"
"setting_lock_install_title","de","Installationen sperren"
"setting_lock_install_subtitle","de","Biometrie zur Bestätigung der Installation anfordern"
"setting_lock_uninstall_title","de","Deinstallationen sperren"
"setting_lock_uninstall_subtitle","de","Biometrie zur Bestätigung der Deinstallation anfordern"
"setting_biometric_unavailable","de","Auf diesem Gerät ist keine Biometrie oder Gerätesperre eingerichtet."
"setting_section_sync_short","de","Sync"
"setting_sync_control_panel","de","Sync-Kontrollzentrum"
"setting_section_advanced","de","Erweitert"
"setting_vt_api_key_title","de","VirusTotal-API-Schlüssel"
"setting_vt_api_key_placeholder","de","API-Schlüssel hier einfügen…"
"setting_diagnostics_title","de","Diagnose"
"setting_installer_package_title","de","Installer-Paket"
"backup_settings_title","de","Backup-Einstellungen"
"backup_output_path","de","Ausgabepfad"
"backup_filename_template","de","Dateinamenvorlage"
"backup_tags_hint","de","Tags: {name}, {pkg}, {version}, {code}"
"app_name","el","Universal Installer"
"download_notif_running_text","el","%1$s / %2$s · %3$d%%"
"source_action_browse_packages_sub","el",".APK · .APK+ · .XAPK · .APKS · .APKM"
"obb_copy_progress","el","%1$s / %2$s · %3$d%%"
"obb_notif_running_text","el","%d%%"
"apk_info_version_detail","el","%1$s (%2$d)"
"uninstall_current_sort_summary","el","%1$s %2$s"
"setting_shizuku_installer_preset_play","el","Google Play Store"
"setting_shizuku_installer_preset_aurora","el","Aurora Store"
"setting_shizuku_installer_preset_fdroid","el","F-Droid"
"setting_shizuku_installer_preset_amazon","el","Amazon Appstore"
"setting_shizuku_installer_preset_samsung","el","Samsung Galaxy Store"
"setting_shizuku_installer_preset_huawei","el","Huawei AppGallery"
"setting_shizuku_installer_preset_xiaomi","el","Xiaomi GetApps"
"setting_about_app_name","el","Universal Installer"
"setting_github_title","el","GitHub"
"setting_telegram_title","el","Telegram"
"setting_website_subtitle","el","universal-installer.pwhs.app"
"setting_rate_title","el","Βαθμολογήστε την εφαρμογή"
"about_creator_subtitle","el","Pass With High Score"
"about_license_subtitle","el","GNU GPL v3"
"about_btn_ok","el","ΟΚ"
"installer_mode_shizuku","el","Shizuku"
"installer_mode_root","el","Root"
"tv_sync_screen_title","el","Αποστολή στην τηλεόραση"
"tv_sync_hero_title","el","Στείλτε μια εφαρμογή στην τηλεόρασή σας"
"tv_sync_instructions","el","Στην τηλεόραση, ανοίξτε το Universal Installer → Εγκατάσταση και, στη συνέχεια, σαρώστε το QR που εμφανίζεται εκεί."
"tv_sync_btn_scan","el","Σάρωση TV QR"
"tv_sync_prompt_scan","el","Σαρώστε το QR στην τηλεόρασή σας"
"tv_sync_status_connected","el","Συνδέθηκε σε %1$s"
"tv_sync_btn_choose_apk","el","Επιλέξτε APK για αποστολή"
"tv_sync_btn_rescan","el","Σάρωση διαφορετικής τηλεόρασης"
"tv_sync_status_sending","el","Αποστολή…"
"tv_sync_status_sent","el","Στάλθηκε ✓ — επιβεβαιώστε την εγκατάσταση στην τηλεόρασή σας"
"tv_sync_status_failed","el","Αποτυχία: %1$s"
"sync_storage_permission_title","el","Απαιτείται άδεια αποθηκευτικού χώρου"
"sync_storage_permission_message","el","Ο διακομιστής συγχρονισμού χρειάζεται πλήρη πρόσβαση στον χώρο αποθήκευσης για κοινή χρήση και διαχείριση αρχείων APK. Παρακαλούμε παραχωρήστε Πρόσβαση σε όλα τα αρχεία στις Ρυθμίσεις."
"sync_open_settings","el","Άνοιγμα ρυθμίσεων"
"sync_qr_code_title","el","Σάρωση κωδικού QR"
"sync_qr_code_message","el","Ανοίξτε την κάμερά σας και σαρώστε αυτόν τον κωδικό για πρόσβαση στον διακομιστή."
"sync_close","el","Κλείσιμο"
"sync_server_offline","el","Διακομιστής εκτός σύνδεσης"
"sync_server_starting","el","Εκκίνηση…"
"sync_server_online","el","Διακομιστής σε σύνδεση"
"sync_server_error","el","Σφάλμα"
"sync_hero_subtitle","el","Μοιραστείτε αρχεία APK σε άλλες συσκευές στο ίδιο δίκτυο Wi-Fi."
"sync_server_mode","el","Λειτουργία διακομιστή"
"sync_server_running","el","Σε λειτουργία"
"sync_server_tap_to_start","el","Πατήστε για έναρξη"
"sync_server_settings","el","Ρυθμίσεις διακομιστή"
"sync_port","el","Θύρα"
"sync_require_pin","el","Απαιτείται PIN"
"sync_require_pin_subtitle","el","Προστατέψτε τις μεταφορές με κωδικό πρόσβασης"
"sync_pin_code","el","Κωδικός PIN"
"sync_active_downloads","el","Ενεργές λήψεις"
"sync_active_downloads_count","el","%d λήψη"
"sync_no_active_downloads","el","Καμία ενεργή λήψη"
"sync_server_url","el","URL διακομιστή"
"sync_active_transfer","el","Ενεργή μεταφορά"
"sync_active_transfers_count","el","Ενεργές μεταφορές (%d)"
"sync_add_files_to_share","el","Προσθήκη αρχείων για κοινή χρήση"
"sync_shared_files_count","el","Κοινόχρηστα αρχεία (%1$d)"
"sync_empty_state_message","el","Ενεργοποιήστε τον διακομιστή για να ξεκινήσετε την κοινή χρήση αρχείων"
"sync_delete_cd","el","Διαγραφή"
"sync_percentage","el","%1$d%%"
"sync_transfer_progress","el","%1$s / %2$s"
"sync_toast_added_skipped","el","Προστέθηκαν %1$d αρχεία, παραλείφθηκαν %2$d μη υποστηριζόμενα"
"sync_toast_added","el","Προστέθηκαν %1$d αρχεία στον Φάκελο Συγχρονισμού"
"sync_toast_unsupported","el","Δεν επιλέχθηκαν υποστηριζόμενα αρχεία πακέτου (apk, apk+, apks, xapk, apkm, zip)"
"sync_toast_failed","el","Αποτυχία αντιγραφής αρχείων"
"file_size_gb","el","%1$.1f GB"
"file_size_mb","el","%1$.1f MB"
"file_size_kb","el","%1$.0f KB"
"file_size_b","el","%1$d B"
"setting_retry_root","el","Επανάληψη δοκιμής Root"
"setting_section_interface","el","Διεπαφή"
"setting_section_security","el","Ασφάλεια"
"setting_lock_install_title","el","Κλείδωμα εγκαταστάσεων"
"setting_lock_install_subtitle","el","Απαιτείται βιομετρική επιβεβαίωση για εγκατάσταση"
"setting_lock_uninstall_title","el","Κλείδωμα απεγκαταστάσεων"
"setting_lock_uninstall_subtitle","el","Απαιτείται βιομετρική επιβεβαίωση για απεγκατάσταση"
"setting_biometric_unavailable","el","Δεν έχει ρυθμιστεί βιομετρικό κλείδωμα ή κλείδωμα συσκευής σε αυτήν τη συσκευή."
"setting_section_sync_short","el","Συγχρονισμός"
"setting_sync_control_panel","el","Πίνακας ελέγχου συγχρονισμού"
"setting_section_advanced","el","Για προχωρημένους"
"setting_vt_api_key_title","el","Κλειδί API VirusTotal"
"setting_vt_api_key_placeholder","el","Επικολλήστε το κλειδί API εδώ…"
"setting_diagnostics_title","el","Διαγνωστικά"
"setting_installer_package_title","el","Πακέτο εγκατάστασης"
"backup_settings_title","el","Ρυθμίσεις αντιγράφων ασφαλείας"
"backup_output_path","el","Διαδρομή εξόδου"
"backup_filename_template","el","Πρότυπο ονόματος αρχείου"
"backup_tags_hint","el","Ετικέτες: {name}, {pkg}, {version}, {code}"
"app_name","es","Universal Installer"
"download_notif_running_text","es","%1$s / %2$s · %3$d%%"
"source_action_browse_packages_sub","es",".APK · .APK+ · .XAPK · .APKS · .APKM"
"obb_copy_progress","es","%1$s / %2$s · %3$d%%"
"obb_notif_running_text","es","%d%%"
"apk_info_version_detail","es","%1$s (%2$d)"
"uninstall_current_sort_summary","es","%1$s %2$s"
"setting_shizuku_installer_preset_play","es","Google Play Store"
"setting_shizuku_installer_preset_aurora","es","Aurora Store"
"setting_shizuku_installer_preset_fdroid","es","F-Droid"
"setting_shizuku_installer_preset_amazon","es","Amazon Appstore"
"setting_shizuku_installer_preset_samsung","es","Samsung Galaxy Store"
"setting_shizuku_installer_preset_huawei","es","Huawei AppGallery"
"setting_shizuku_installer_preset_xiaomi","es","Xiaomi GetApps"
"setting_about_app_name","es","Universal Installer"
"setting_github_title","es","GitHub"
"setting_telegram_title","es","Telegram"
"setting_website_subtitle","es","universal-installer.pwhs.app"
"setting_rate_title","es","Calificar aplicación"
"about_creator_subtitle","es","Pass With High Score"
"about_license_subtitle","es","GNU GPL v3"
"about_btn_ok","es","Aceptar"
"installer_mode_shizuku","es","Shizuku"
"installer_mode_root","es","Root"
"tv_sync_screen_title","es","Enviar al TV"
"tv_sync_hero_title","es","Enviar una aplicación a su TV"
"tv_sync_instructions","es","En el TV, abra Universal Installer → Instalar y, a continuación, escanee el código QR que se muestra allí."
"tv_sync_btn_scan","es","Escanear QR de TV"
"tv_sync_prompt_scan","es","Escanee el QR en su TV"
"tv_sync_status_connected","es","Conectado a %1$s"
"tv_sync_btn_choose_apk","es","Elegir APK para enviar"
"tv_sync_btn_rescan","es","Escanear un TV diferente"
"tv_sync_status_sending","es","Enviando…"
"tv_sync_status_sent","es","Enviado ✓ — confirme la instalación en su TV"
"tv_sync_status_failed","es","Error: %1$s"
"sync_storage_permission_title","es","Se requiere permiso de almacenamiento"
"sync_storage_permission_message","es","El servidor de sincronización necesita acceso completo al almacenamiento para compartir y administrar archivos APK. Conceda Acceso a todos los archivos en Ajustes."
"sync_open_settings","es","Abrir Ajustes"
"sync_qr_code_title","es","Escanear código QR"
"sync_qr_code_message","es","Abra su cámara y escanee este código para acceder al servidor."
"sync_close","es","Cerrar"
"sync_server_offline","es","Servidor sin conexión"
"sync_server_starting","es","Iniciando…"
"sync_server_online","es","Servidor en línea"
"sync_server_error","es","Error"
"sync_hero_subtitle","es","Compartir archivos APK con otros dispositivos en la misma red Wi-Fi."
"sync_server_mode","es","Modo servidor"
"sync_server_running","es","En ejecución"
"sync_server_tap_to_start","es","Tocar para iniciar"
"sync_server_settings","es","Ajustes del servidor"
"sync_port","es","Puerto"
"sync_require_pin","es","Requerir PIN"
"sync_require_pin_subtitle","es","Proteger las transferencias con una contraseña"
"sync_pin_code","es","Código PIN"
"sync_active_downloads","es","Descargas activas"
"sync_active_downloads_count","es","%d descargando"
"sync_no_active_downloads","es","No hay descargas activas"
"sync_server_url","es","URL del servidor"
"sync_active_transfer","es","Transferencia activa"
"sync_active_transfers_count","es","Transferencias activas (%d)"
"sync_add_files_to_share","es","Añadir archivos para compartir"
"sync_shared_files_count","es","Archivos compartidos (%1$d)"
"sync_empty_state_message","es","Encienda el servidor para empezar a compartir archivos"
"sync_delete_cd","es","Eliminar"
"sync_percentage","es","%1$d%%"
"sync_transfer_progress","es","%1$s / %2$s"
"sync_toast_added_skipped","es","Se han añadido %1$d archivo(s), se han omitido %2$d no compatibles"
"sync_toast_added","es","Se han añadido %1$d archivo(s) a la carpeta de sincronización"
"sync_toast_unsupported","es","No se seleccionaron archivos de paquete compatibles (apk, apk+, apks, xapk, apkm, zip)"
"sync_toast_failed","es","No se pudieron copiar los archivos"
"file_size_gb","es","%1$.1f GB"
"file_size_mb","es","%1$.1f MB"
"file_size_kb","es","%1$.0f KB"
"file_size_b","es","%1$d B"
"setting_retry_root","es","Reintentar prueba de Root"
"setting_section_interface","es","Interfaz"
"setting_section_security","es","Seguridad"
"setting_lock_install_title","es","Bloquear instalaciones"
"setting_lock_install_subtitle","es","Requerir datos biométricos para confirmar la instalación"
"setting_lock_uninstall_title","es","Bloquear desinstalaciones"
"setting_lock_uninstall_subtitle","es","Requerir datos biométricos para confirmar la desinstalación"
"setting_biometric_unavailable","es","No se ha configurado ningún bloqueo biométrico o de dispositivo en este dispositivo."
"setting_section_sync_short","es","Sincronizar"
"setting_sync_control_panel","es","Panel de control de sincronización"
"setting_section_advanced","es","Avanzado"
"setting_vt_api_key_title","es","Clave API de VirusTotal"
"setting_vt_api_key_placeholder","es","Pegue la clave API aquí…"
"setting_diagnostics_title","es","Diagnóstico"
"setting_installer_package_title","es","Paquete de instalación"
"backup_settings_title","es","Ajustes de copia de seguridad"
"backup_output_path","es","Ruta de salida"
"backup_filename_template","es","Plantilla de nombre de archivo"
"backup_tags_hint","es","Etiquetas: {name}, {pkg}, {version}, {code}"
"app_name","fr","Universal Installer"
"download_notif_running_text","fr","%1$s / %2$s · %3$d%%"
"source_action_browse_packages_sub","fr",".APK · .APK+ · .XAPK · .APKS · .APKM"
"obb_copy_progress","fr","%1$s / %2$s · %3$d%%"
"obb_notif_running_text","fr","%d%%"
"apk_info_version_detail","fr","%1$s (%2$d)"
"uninstall_current_sort_summary","fr","%1$s %2$s"
"setting_shizuku_installer_preset_play","fr","Google Play Store"
"setting_shizuku_installer_preset_aurora","fr","Aurora Store"
"setting_shizuku_installer_preset_fdroid","fr","F-Droid"
"setting_shizuku_installer_preset_amazon","fr","Amazon Appstore"
"setting_shizuku_installer_preset_samsung","fr","Samsung Galaxy Store"
"setting_shizuku_installer_preset_huawei","fr","Huawei AppGallery"
"setting_shizuku_installer_preset_xiaomi","fr","Xiaomi GetApps"
"setting_about_app_name","fr","Universal Installer"
"setting_github_title","fr","GitHub"
"setting_telegram_title","fr","Telegram"
"setting_website_subtitle","fr","universal-installer.pwhs.app"
"setting_rate_title","fr","Évaluer l'application"
"about_creator_subtitle","fr","Pass With High Score"
"about_license_subtitle","fr","GNU GPL v3"
"about_btn_ok","fr","OK"
"installer_mode_shizuku","fr","Shizuku"
"installer_mode_root","fr","Root"
"tv_sync_screen_title","fr","Envoyer vers la TV"
"tv_sync_hero_title","fr","Envoyer une application sur votre TV"
"tv_sync_instructions","fr","Sur la TV, ouvrez Universal Installer → Installer, puis scannez le code QR qui s'y affiche."
"tv_sync_btn_scan","fr","Scanner le code QR TV"
"tv_sync_prompt_scan","fr","Scannez le code QR sur votre TV"
"tv_sync_status_connected","fr","Connecté à %1$s"
"tv_sync_btn_choose_apk","fr","Choisir l'APK à envoyer"
"tv_sync_btn_rescan","fr","Scanner une autre TV"
"tv_sync_status_sending","fr","Envoi…"
"tv_sync_status_sent","fr","Envoyé ✓ — confirmez l'installation sur votre TV"
"tv_sync_status_failed","fr","Échec: %1$s"
"sync_storage_permission_title","fr","Autorisation de stockage requise"
"sync_storage_permission_message","fr","Le serveur de synchronisation a besoin d'un accès complet au stockage pour partager et gérer les fichiers APK. Veuillez accorder \Accès à tous les fichiers\ dans les paramètres."
"sync_open_settings","fr","Ouvrir les paramètres"
"sync_qr_code_title","fr","Scanner le code QR"
"sync_qr_code_message","fr","Ouvrez votre appareil photo et scannez ce code pour accéder au serveur."
"sync_close","fr","Fermer"
"sync_server_offline","fr","Serveur hors ligne"
"sync_server_starting","fr","Démarrage…"
"sync_server_online","fr","Serveur en ligne"
"sync_server_error","fr","Erreur"
"sync_hero_subtitle","fr","Partager des fichiers APK avec d'autres appareils sur le même réseau Wi-Fi."
"sync_server_mode","fr","Mode serveur"
"sync_server_running","fr","En cours d'exécution"
"sync_server_tap_to_start","fr","Appuyez pour démarrer"
"sync_server_settings","fr","Paramètres du serveur"
"sync_port","fr","Port"
"sync_require_pin","fr","Nécessite un code PIN"
"sync_require_pin_subtitle","fr","Protéger les transferts avec un mot de passe"
"sync_pin_code","fr","Code PIN"
"sync_active_downloads","fr","Téléchargements actifs"
"sync_active_downloads_count","fr","%d en cours de téléchargement"
"sync_no_active_downloads","fr","Aucun téléchargement actif"
"sync_server_url","fr","URL du serveur"
"sync_active_transfer","fr","Transfert actif"
"sync_active_transfers_count","fr","Transferts actifs (%d)"
"sync_add_files_to_share","fr","Ajouter des fichiers à partager"
"sync_shared_files_count","fr","Fichiers partagés (%1$d)"
"sync_empty_state_message","fr","Activez le serveur pour commencer à partager des fichiers"
"sync_delete_cd","fr","Supprimer"
"sync_percentage","fr","%1$d%%"
"sync_transfer_progress","fr","%1$s / %2$s"
"sync_toast_added_skipped","fr","%1$d fichier(s) ajouté(s), %2$d non pris en charge ignoré(s)"
"sync_toast_added","fr","%1$d fichier(s) ajouté(s) au dossier de synchronisation"
"sync_toast_unsupported","fr","Aucun fichier de package pris en charge sélectionné (apk, apk+, apks, xapk, apkm, zip)"
"sync_toast_failed","fr","Échec de la copie des fichiers"
"file_size_gb","fr","%1$.1f Go"
"file_size_mb","fr","%1$.1f Mo"
"file_size_kb","fr","%1$.0f Ko"
"file_size_b","fr","%1$d o"
"setting_retry_root","fr","Réessayer la sonde Root"
"setting_section_interface","fr","Interface"
"setting_section_security","fr","Sécurité"
"setting_lock_install_title","fr","Verrouiller les installations"
"setting_lock_install_subtitle","fr","Nécessite des données biométriques pour confirmer l'installation"
"setting_lock_uninstall_title","fr","Verrouiller les désinstallations"
"setting_lock_uninstall_subtitle","fr","Nécessite des données biométriques pour confirmer la désinstallation"
"setting_biometric_unavailable","fr","Aucun verrouillage biométrique ou de l'appareil configuré sur cet appareil."
"setting_section_sync_short","fr","Synchroniser"
"setting_sync_control_panel","fr","Panneau de configuration de la synchronisation"
"setting_section_advanced","fr","Avancé"
"setting_vt_api_key_title","fr","Clé API VirusTotal"
"setting_vt_api_key_placeholder","fr","Collez la clé API ici…"
"setting_diagnostics_title","fr","Diagnostics"
"setting_installer_package_title","fr","Package d'installation"
"backup_settings_title","fr","Paramètres de sauvegarde"
"backup_output_path","fr","Chemin de sortie"
"backup_filename_template","fr","Modèle de nom de fichier"
"backup_tags_hint","fr","Tags: {name}, {pkg}, {version}, {code}"
"tv_sync_prompt_scan","fr","Scannez le code QR sur votre TV"
"tv_sync_status_connected","fr","Connecté à %1$s"
"tv_sync_btn_choose_apk","fr","Choisir l'APK à envoyer"
"tv_sync_btn_rescan","fr","Scanner une autre TV"
"tv_sync_status_sending","fr","Envoi en cours…"
"tv_sync_status_sent","fr","Envoyé ✓ — confirmez l'installation sur votre TV"
"tv_sync_status_failed","fr","Échec : %1$s"
"sync_storage_permission_title","fr","Autorisation de stockage requise"
"sync_storage_permission_message","fr","Le serveur de synchronisation nécessite un accès complet au stockage pour partager et gérer les fichiers APK. Veuillez accorder « Accès à tous les fichiers » dans les paramètres."
"sync_open_settings","fr","Ouvrir les paramètres"
"sync_qr_code_title","fr","Scanner le code QR"
"sync_qr_code_message","fr","Ouvrez votre appareil photo et scannez ce code pour accéder au serveur."
"sync_close","fr","Fermer"
"sync_server_offline","fr","Serveur hors ligne"
"sync_server_starting","fr","Démarrage…"
"sync_server_online","fr","Serveur en ligne"
"sync_server_error","fr","Erreur"
"sync_hero_subtitle","fr","Partagez des fichiers APK vers d'autres appareils sur le même réseau Wi-Fi."
"sync_server_mode","fr","Mode serveur"
"sync_server_running","fr","En cours d'exécution"
"sync_server_tap_to_start","fr","Appuyer pour démarrer"
"sync_server_settings","fr","Paramètres du serveur"
"sync_port","fr","Port"
"sync_require_pin","fr","Exiger un code PIN"
"sync_require_pin_subtitle","fr","Protéger les transferts avec un mot de passe"
"sync_pin_code","fr","Code PIN"
"sync_active_downloads","fr","Téléchargements actifs"
"sync_active_downloads_count","fr","%d en cours de téléchargement"
"sync_no_active_downloads","fr","Aucun téléchargement actif"
"sync_server_url","fr","URL du serveur"
"sync_active_transfer","fr","Transfert actif"
"sync_active_transfers_count","fr","Transferts actifs (%d)"
"sync_add_files_to_share","fr","Ajouter des fichiers à partager"
"sync_shared_files_count","fr","Fichiers partagés (%1$d)"
"sync_empty_state_message","fr","Activez le serveur pour commencer à partager des fichiers"
"sync_delete_cd","fr","Supprimer"
"sync_percentage","fr","%1$d%%"
"sync_transfer_progress","fr","%1$s / %2$s"
"sync_toast_added_skipped","fr","%1$d fichier(s) ajouté(s), %2$d non pris en charge ignoré(s)"
"sync_toast_added","fr","%1$d fichier(s) ajouté(s) au dossier de synchronisation"
"sync_toast_unsupported","fr","Aucun fichier de package pris en charge sélectionné (apk, apk+, apks, xapk, apkm, zip)"
"sync_toast_failed","fr","Échec de la copie des fichiers"
"file_size_gb","fr","%1$.1f Go"
"file_size_mb","fr","%1$.1f Mo"
"file_size_kb","fr","%1$.0f Ko"
"file_size_b","fr","%1$d o"
"setting_retry_root","fr","Réessayer la sonde Root"
"setting_section_interface","fr","Interface"
"setting_section_security","fr","Sécurité"
"setting_lock_install_title","fr","Verrouiller les installations"
"setting_lock_install_subtitle","fr","Exiger la biométrie pour confirmer l'installation"
"setting_lock_uninstall_title","fr","Verrouiller les désinstallations"
"setting_lock_uninstall_subtitle","fr","Exiger la biométrie pour confirmer la désinstallation"
"setting_biometric_unavailable","fr","Aucune biométrie ni verrouillage d'appareil configuré sur cet appareil."
"setting_section_sync_short","fr","Synchro"
"setting_sync_control_panel","fr","Panneau de configuration de la synchronisation"
"setting_section_advanced","fr","Avancé"
"setting_vt_api_key_title","fr","Clé API VirusTotal"
"setting_vt_api_key_placeholder","fr","Collez la clé API ici…"
"setting_diagnostics_title","fr","Diagnostics"
"setting_installer_package_title","fr","Package du programme d'installation"
"backup_settings_title","fr","Paramètres de sauvegarde"
"backup_output_path","fr","Chemin de sortie"
"backup_filename_template","fr","Modèle de nom de fichier"
"backup_tags_hint","fr","Balises : {name}, {pkg}, {version}, {code}"
"app_name","hi","यूनिवर्सल इंस्टालर"
"download_notif_running_text","hi","%1$s / %2$s · %3$d%%"
"source_action_browse_packages_sub","hi",".APK · .APK+ · .XAPK · .APKS · .APKM"
"obb_copy_progress","hi","%1$s / %2$s · %3$d%%"
"obb_notif_running_text","hi","%d%%"
"apk_info_version_detail","hi","%1$s (%2$d)"
"uninstall_current_sort_summary","hi","%1$s %2$s"
"setting_shizuku_installer_preset_play","hi","Google Play Store"
"setting_shizuku_installer_preset_aurora","hi","Aurora Store"
"setting_shizuku_installer_preset_fdroid","hi","F-Droid"
"setting_shizuku_installer_preset_amazon","hi","Amazon Appstore"
"setting_shizuku_installer_preset_samsung","hi","Samsung Galaxy Store"
"setting_shizuku_installer_preset_huawei","hi","Huawei AppGallery"
"setting_shizuku_installer_preset_xiaomi","hi","Xiaomi GetApps"
"setting_about_app_name","hi","यूनिवर्सल इंस्टालर"
"setting_github_title","hi","GitHub"
"setting_telegram_title","hi","Telegram"
"setting_website_subtitle","hi","universal-installer.pwhs.app"
"setting_rate_title","hi","ऐप को रेट करें"
"about_creator_subtitle","hi","Pass With High Score"
"about_license_subtitle","hi","GNU GPL v3"
"about_btn_ok","hi","ठीक है"
"installer_mode_shizuku","hi","Shizuku"
"installer_mode_root","hi","Root"
"tv_sync_screen_title","hi","टीवी पर भेजें"
"tv_sync_hero_title","hi","अपने टीवी पर एक ऐप भेजें"
"tv_sync_instructions","hi","टीवी पर, यूनिवर्सल इंस्टालर → इंस्टॉल खोलें, फिर वहां दिखाए गए QR को स्कैन करें।"
"tv_sync_btn_scan","hi","टीवी QR स्कैन करें"
"tv_sync_prompt_scan","hi","अपने टीवी पर QR स्कैन करें"
"tv_sync_status_connected","hi","%1$s से कनेक्ट हो गया"
"tv_sync_btn_choose_apk","hi","भेजने के लिए APK चुनें"
"tv_sync_btn_rescan","hi","एक अलग टीवी को स्कैन करें"
"tv_sync_status_sending","hi","भेज रहा है…"
"tv_sync_status_sent","hi","भेजा गया ✓ — अपने टीवी पर इंस्टॉलेशन की पुष्टि करें"
"tv_sync_status_failed","hi","विफल: %1$s"
"sync_storage_permission_title","hi","स्टोरेज अनुमति आवश्यक है"
"sync_storage_permission_message","hi","सिंक सर्वर को APK फ़ाइलों को साझा और प्रबंधित करने के लिए पूर्ण स्टोरेज एक्सेस की आवश्यकता होती है। कृपया सेटिंग्स में सभी फ़ाइलों तक पहुंच प्रदान करें।"
"sync_open_settings","hi","सेटिंग्स खोलें"
"sync_qr_code_title","hi","QR कोड स्कैन करें"
"sync_qr_code_message","hi","अपना कैमरा खोलें और सर्वर तक पहुँचने के लिए इस कोड को स्कैन करें।"
"sync_close","hi","बंद करें"
"sync_server_offline","hi","सर्वर ऑफ़लाइन"
"sync_server_starting","hi","शुरू हो रहा है…"
"sync_server_online","hi","सर्वर ऑनलाइन"
"sync_server_error","hi","त्रुटि"
"sync_hero_subtitle","hi","एक ही वाई-फाई नेटवर्क पर अन्य उपकरणों पर APK फ़ाइलें साझा करें।"
"sync_server_mode","hi","सर्वर मोड"
"sync_server_running","hi","चल रहा है"
"sync_server_tap_to_start","hi","शुरू करने के लिए टैप करें"
"sync_server_settings","hi","सर्वर सेटिंग्स"
"sync_port","hi","पोर्ट"
"sync_require_pin","hi","पिन की आवश्यकता है"
"sync_require_pin_subtitle","hi","पासवर्ड से ट्रांसफर को सुरक्षित करें"
"sync_pin_code","hi","पिन कोड"
"sync_active_downloads","hi","सक्रिय डाउनलोड"
"sync_active_downloads_count","hi","%d डाउनलोड हो रहा है"
"sync_no_active_downloads","hi","कोई सक्रिय डाउनलोड नहीं"
"sync_server_url","hi","सर्वर URL"
"sync_active_transfer","hi","सक्रिय ट्रांसफर"
"sync_active_transfers_count","hi","सक्रिय ट्रांसफर (%d)"
"sync_add_files_to_share","hi","साझा करने के लिए फ़ाइलें जोड़ें"
"sync_shared_files_count","hi","साझा की गई फ़ाइलें (%1$d)"
"sync_empty_state_message","hi","फ़ाइलें साझा करना शुरू करने के लिए सर्वर चालू करें"
"sync_delete_cd","hi","हटाएं"
"sync_percentage","hi","%1$d%%"
"sync_transfer_progress","hi","%1$s / %2$s"
"sync_toast_added_skipped","hi","%1$d फ़ाइलें जोड़ी गईं, %2$d असमर्थित छोड़ी गईं"
"sync_toast_added","hi","%1$d फ़ाइलें सिंक फ़ोल्डर में जोड़ी गईं"
"sync_toast_unsupported","hi","कोई समर्थित पैकेज फ़ाइल चयनित नहीं है (apk, apk+, apks, xapk, apkm, zip)"
"sync_toast_failed","hi","फ़ाइलों की प्रतिलिपि बनाने में विफल"
"file_size_gb","hi","%1$.1f GB"
"file_size_mb","hi","%1$.1f MB"
"file_size_kb","hi","%1$.0f KB"
"file_size_b","hi","%1$d B"
"setting_retry_root","hi","रूट जांच का पुनः प्रयास करें"
"setting_section_interface","hi","इंटरफेस"
"setting_section_security","hi","सुरक्षा"
"setting_lock_install_title","hi","इंस्टॉलेशन लॉक करें"
"setting_lock_install_subtitle","hi","इंस्टॉल की पुष्टि करने के लिए बायोमेट्रिक आवश्यक है"
"setting_lock_uninstall_title","hi","अनइंस्टॉल लॉक करें"
"setting_lock_uninstall_subtitle","hi","अनइंस्टॉल की पुष्टि करने के लिए बायोमेट्रिक आवश्यक है"
"setting_biometric_unavailable","hi","इस डिवाइस पर कोई बायोमेट्रिक या डिवाइस लॉक सेट नहीं है।"
"setting_section_sync_short","hi","सिंक"
"setting_sync_control_panel","hi","सिंक कंट्रोल पैनल"
"setting_section_advanced","hi","उन्नत"
"setting_vt_api_key_title","hi","VirusTotal API कुंजी"
"setting_vt_api_key_placeholder","hi","यहां API कुंजी पेस्ट करें…"
"setting_diagnostics_title","hi","डायग्नोस्टिक्स"
"setting_installer_package_title","hi","इंस्टॉलर पैकेज"
"backup_settings_title","hi","बैकअप सेटिंग्स"
"backup_output_path","hi","आउटपुट पथ"
"backup_filename_template","hi","फ़ाइल नाम टेम्पलेट"
"backup_tags_hint","hi","टैग: {name}, {pkg}, {version}, {code}"
"app_name","in","Universal Installer"
"download_notif_running_text","in","%1$s / %2$s · %3$d%%"
"source_action_browse_packages_sub","in",".APK · .APK+ · .XAPK · .APKS · .APKM"
"obb_copy_progress","in","%1$s / %2$s · %3$d%%"
"obb_notif_running_text","in","%d%%"
"apk_info_version_detail","in","%1$s (%2$d)"
"uninstall_current_sort_summary","in","%1$s %2$s"
"setting_shizuku_installer_preset_play","in","Google Play Store"
"setting_shizuku_installer_preset_aurora","in","Aurora Store"
"setting_shizuku_installer_preset_fdroid","in","F-Droid"
"setting_shizuku_installer_preset_amazon","in","Amazon Appstore"
"setting_shizuku_installer_preset_samsung","in","Samsung Galaxy Store"
"setting_shizuku_installer_preset_huawei","in","Huawei AppGallery"
"setting_shizuku_installer_preset_xiaomi","in","Xiaomi GetApps"
"setting_about_app_name","in","Universal Installer"
"setting_github_title","in","GitHub"
"setting_telegram_title","in","Telegram"
"setting_website_subtitle","in","universal-installer.pwhs.app"
"setting_rate_title","in","Beri Nilai Aplikasi"
"about_creator_subtitle","in","Pass With High Score"
"about_license_subtitle","in","GNU GPL v3"
"about_btn_ok","in","Oke"
"installer_mode_shizuku","in","Shizuku"
"installer_mode_root","in","Root"
"tv_sync_screen_title","in","Kirim ke TV"
"tv_sync_hero_title","in","Kirim aplikasi ke TV Anda"
"tv_sync_instructions","in","Di TV, buka Universal Installer → Instal, lalu pindai QR yang ditampilkan di sana."
"tv_sync_btn_scan","in","Pindai QR TV"
"tv_sync_prompt_scan","in","Pindai QR di TV Anda"
"tv_sync_status_connected","in","Terhubung ke %1$s"
"tv_sync_btn_choose_apk","in","Pilih APK untuk dikirim"
"tv_sync_btn_rescan","in","Pindai TV lain"
"tv_sync_status_sending","in","Mengirim…"
"tv_sync_status_sent","in","Terkirim ✓ — konfirmasikan penginstalan di TV Anda"
"tv_sync_status_failed","in","Gagal: %1$s"
"sync_storage_permission_title","in","Izin Penyimpanan Diperlukan"
"sync_storage_permission_message","in","Server Sinkronisasi memerlukan akses penyimpanan penuh untuk membagikan dan mengelola file APK. Harap berikan Akses ke semua file di Pengaturan."
"sync_open_settings","in","Buka Pengaturan"
"sync_qr_code_title","in","Pindai Kode QR"
"sync_qr_code_message","in","Buka kamera Anda dan pindai kode ini untuk mengakses server."
"sync_close","in","Tutup"
"sync_server_offline","in","Server Offline"
"sync_server_starting","in","Memulai…"
"sync_server_online","in","Server Online"
"sync_server_error","in","Kesalahan"
"sync_hero_subtitle","in","Bagikan file APK ke perangkat lain di jaringan Wi-Fi yang sama."
"sync_server_mode","in","Mode Server"
"sync_server_running","in","Berjalan"
"sync_server_tap_to_start","in","Ketuk untuk memulai"
"sync_server_settings","in","Pengaturan Server"
"sync_port","in","Port"
"sync_require_pin","in","Wajibkan PIN"
"sync_require_pin_subtitle","in","Lindungi transfer dengan kata sandi"
"sync_pin_code","in","Kode PIN"
"sync_active_downloads","in","Unduhan Aktif"
"sync_active_downloads_count","in","%d mengunduh"
"sync_no_active_downloads","in","Tidak ada unduhan aktif"
"sync_server_url","in","URL Server"
"sync_active_transfer","in","Transfer Aktif"
"sync_active_transfers_count","in","Transfer Aktif (%d)"
"sync_add_files_to_share","in","Tambahkan File untuk Dibagikan"
"sync_shared_files_count","in","File Dibagikan (%1$d)"
"sync_empty_state_message","in","Nyalakan server untuk mulai membagikan file"
"sync_delete_cd","in","Hapus"
"sync_percentage","in","%1$d%%"
"sync_transfer_progress","in","%1$s / %2$s"
"sync_toast_added_skipped","in","Ditambahkan %1$d file, dilewati %2$d tidak didukung"
"sync_toast_added","in","Ditambahkan %1$d file ke Folder Sinkronisasi"
"sync_toast_unsupported","in","Tidak ada file paket yang didukung yang dipilih (apk, apk+, apks, xapk, apkm, zip)"
"sync_toast_failed","in","Gagal menyalin file"
"file_size_gb","in","%1$.1f GB"
"file_size_mb","in","%1$.1f MB"
"file_size_kb","in","%1$.0f KB"
"file_size_b","in","%1$d B"
"setting_retry_root","in","Coba Lagi Uji Root"
"setting_section_interface","in","Antarmuka"
"setting_section_security","in","Keamanan"
"setting_lock_install_title","in","Kunci Penginstalan"
"setting_lock_install_subtitle","in","Wajibkan biometrik untuk mengonfirmasi penginstalan"
"setting_lock_uninstall_title","in","Kunci Penghapusan Instalasi"
"setting_lock_uninstall_subtitle","in","Wajibkan biometrik untuk mengonfirmasi penghapusan instalasi"
"setting_biometric_unavailable","in","Tidak ada biometrik atau kunci perangkat yang disiapkan di perangkat ini."
"setting_section_sync_short","in","Sinkronisasi"
"setting_sync_control_panel","in","Panel Kontrol Sinkronisasi"
"setting_section_advanced","in","Lanjutan"
"setting_vt_api_key_title","in","Kunci API VirusTotal"
"setting_vt_api_key_placeholder","in","Tempel kunci API di sini…"
"setting_diagnostics_title","in","Diagnostik"
"setting_installer_package_title","in","Paket Penginstal"
"backup_settings_title","in","Pengaturan Pencadangan"
"backup_output_path","in","Jalur Output"
"backup_filename_template","in","Template Nama File"
"backup_tags_hint","in","Tag: {name}, {pkg}, {version}, {code}"
"app_name","it","Universal Installer"
"download_notif_running_text","it","%1$s / %2$s · %3$d%%"
"source_action_browse_packages_sub","it",".APK · .APK+ · .XAPK · .APKS · .APKM"
"obb_copy_progress","it","%1$s / %2$s · %3$d%%"
"obb_notif_running_text","it","%d%%"
"apk_info_version_detail","it","%1$s (%2$d)"
"uninstall_current_sort_summary","it","%1$s %2$s"
"setting_shizuku_installer_preset_play","it","Google Play Store"
"setting_shizuku_installer_preset_aurora","it","Aurora Store"
"setting_shizuku_installer_preset_fdroid","it","F-Droid"
"setting_shizuku_installer_preset_amazon","it","Amazon Appstore"
"setting_shizuku_installer_preset_samsung","it","Samsung Galaxy Store"
"setting_shizuku_installer_preset_huawei","it","Huawei AppGallery"
"setting_shizuku_installer_preset_xiaomi","it","Xiaomi GetApps"
"setting_about_app_name","it","Universal Installer"
"setting_github_title","it","GitHub"
"setting_telegram_title","it","Telegram"
"setting_website_subtitle","it","universal-installer.pwhs.app"
"setting_rate_title","it","Valuta l'app"
"about_creator_subtitle","it","Pass With High Score"
"about_license_subtitle","it","GNU GPL v3"
"about_btn_ok","it","OK"
"installer_mode_shizuku","it","Shizuku"
"installer_mode_root","it","Root"
"tv_sync_screen_title","it","Invia alla TV"
"tv_sync_hero_title","it","Invia un'app alla tua TV"
"tv_sync_instructions","it","Sulla TV, apri Universal Installer → Installa, quindi scansiona il QR mostrato lì."
"tv_sync_btn_scan","it","Scansiona QR TV"
"tv_sync_prompt_scan","it","Scansiona il QR sulla tua TV"
"tv_sync_status_connected","it","Connesso a %1$s"
"tv_sync_btn_choose_apk","it","Scegli APK da inviare"
"tv_sync_btn_rescan","it","Scansiona un'altra TV"
"tv_sync_status_sending","it","Invio…"
"tv_sync_status_sent","it","Inviato ✓ — conferma l'installazione sulla tua TV"
"tv_sync_status_failed","it","Non riuscito: %1$s"
"sync_storage_permission_title","it","Autorizzazione di archiviazione richiesta"
"sync_storage_permission_message","it","Il server di sincronizzazione necessita dell'accesso completo all'archiviazione per condividere e gestire i file APK. Concedi Accesso a tutti i file nelle Impostazioni."
"sync_open_settings","it","Apri Impostazioni"
"sync_qr_code_title","it","Scansiona codice QR"
"sync_qr_code_message","it","Apri la fotocamera e scansiona questo codice per accedere al server."
"sync_close","it","Chiudi"
"sync_server_offline","it","Server offline"
"sync_server_starting","it","Avvio…"
"sync_server_online","it","Server online"
"sync_server_error","it","Errore"
"sync_hero_subtitle","it","Condividi file APK su altri dispositivi sulla stessa rete Wi-Fi."
"sync_server_mode","it","Modalità server"
"sync_server_running","it","In esecuzione"
"sync_server_tap_to_start","it","Tocca per iniziare"
"sync_server_settings","it","Impostazioni server"
"sync_port","it","Porta"
"sync_require_pin","it","Richiedi PIN"
"sync_require_pin_subtitle","it","Proteggi i trasferimenti con una password"
"sync_pin_code","it","Codice PIN"
"sync_active_downloads","it","Download attivi"
"sync_active_downloads_count","it","%d in download"
"sync_no_active_downloads","it","Nessun download attivo"
"sync_server_url","it","URL server"
"sync_active_transfer","it","Trasferimento attivo"
"sync_active_transfers_count","it","Trasferimenti attivi (%d)"
"sync_add_files_to_share","it","Aggiungi file da condividere"
"sync_shared_files_count","it","File condivisi (%1$d)"
"sync_empty_state_message","it","Accendi il server per iniziare a condividere i file"
"sync_delete_cd","it","Elimina"
"sync_percentage","it","%1$d%%"
"sync_transfer_progress","it","%1$s / %2$s"
"sync_toast_added_skipped","it","Aggiunti %1$d file, saltati %2$d non supportati"
"sync_toast_added","it","Aggiunti %1$d file alla cartella di sincronizzazione"
"sync_toast_unsupported","it","Nessun file di pacchetto supportato selezionato (apk, apk+, apks, xapk, apkm, zip)"
"sync_toast_failed","it","Impossibile copiare i file"
"file_size_gb","it","%1$.1f GB"
"file_size_mb","it","%1$.1f MB"
"file_size_kb","it","%1$.0f KB"
"file_size_b","it","%1$d B"
"setting_retry_root","it","Riprova Root Probe"
"setting_section_interface","it","Interfaccia"
"setting_section_security","it","Sicurezza"
"setting_lock_install_title","it","Blocca installazioni"
"setting_lock_install_subtitle","it","Richiedi dati biometrici per confermare l'installazione"
"setting_lock_uninstall_title","it","Blocca disinstallazioni"
"setting_lock_uninstall_subtitle","it","Richiedi dati biometrici per confermare la disinstallazione"
"setting_biometric_unavailable","it","Nessun blocco biometrico o dispositivo configurato su questo dispositivo."
"setting_section_sync_short","it","Sincronizzazione"
"setting_sync_control_panel","it","Pannello di controllo della sincronizzazione"
"setting_section_advanced","it","Avanzate"
"setting_vt_api_key_title","it","Chiave API VirusTotal"
"setting_vt_api_key_placeholder","it","Incolla la chiave API qui…"
"setting_diagnostics_title","it","Diagnostica"
"setting_installer_package_title","it","Pacchetto di installazione"
"backup_settings_title","it","Impostazioni di backup"
"backup_output_path","it","Percorso di output"
"backup_filename_template","it","Modello nome file"
"backup_tags_hint","it","Tag: {name}, {pkg}, {version}, {code}"
"app_name","ja","Universal Installer"
"download_notif_running_text","ja","%1$s / %2$s · %3$d%%"
"source_action_browse_packages_sub","ja",".APK · .APK+ · .XAPK · .APKS · .APKM"
"obb_copy_progress","ja","%1$s / %2$s · %3$d%%"
"obb_notif_running_text","ja","%d%%"
"apk_info_version_detail","ja","%1$s (%2$d)"
"uninstall_current_sort_summary","ja","%1$s %2$s"
"setting_shizuku_installer_preset_play","ja","Google Play Store"
"setting_shizuku_installer_preset_aurora","ja","Aurora Store"
"setting_shizuku_installer_preset_fdroid","ja","F-Droid"
"setting_shizuku_installer_preset_amazon","ja","Amazon Appstore"
"setting_shizuku_installer_preset_samsung","ja","Samsung Galaxy Store"
"setting_shizuku_installer_preset_huawei","ja","Huawei AppGallery"
"setting_shizuku_installer_preset_xiaomi","ja","Xiaomi GetApps"
"setting_about_app_name","ja","Universal Installer"
"setting_github_title","ja","GitHub"
"setting_telegram_title","ja","Telegram"
"setting_website_subtitle","ja","universal-installer.pwhs.app"
"setting_rate_title","ja","アプリを評価"
"about_creator_subtitle","ja","Pass With High Score"
"about_license_subtitle","ja","GNU GPL v3"
"about_btn_ok","ja","OK"
"installer_mode_shizuku","ja","Shizuku"
"installer_mode_root","ja","Root"
"tv_sync_screen_title","ja","TVに送信"
"tv_sync_hero_title","ja","アプリをTVに送信"
"tv_sync_instructions","ja","TVで、Universal Installer → インストール を開き、そこに表示されているQRをスキャンします。"
"tv_sync_btn_scan","ja","TVのQRをスキャン"
"tv_sync_prompt_scan","ja","TVのQRをスキャンしてください"
"tv_sync_status_connected","ja","%1$s に接続しました"
"tv_sync_btn_choose_apk","ja","送信するAPKを選択"
"tv_sync_btn_rescan","ja","別のTVをスキャン"
"tv_sync_status_sending","ja","送信中…"
"tv_sync_status_sent","ja","送信完了 ✓ — TVでインストールを確認してください"
"tv_sync_status_failed","ja","失敗: %1$s"
"sync_storage_permission_title","ja","ストレージ権限が必要です"
"sync_storage_permission_message","ja","同期サーバーがAPKファイルを共有および管理するには、ストレージへのフルアクセスが必要です。設定で「すべてのファイルへのアクセス」を許可してください。"
"sync_open_settings","ja","設定を開く"
"sync_qr_code_title","ja","QRコードをスキャン"
"sync_qr_code_message","ja","カメラを開いてこのコードをスキャンし、サーバーにアクセスしてください。"
"sync_close","ja","閉じる"
"sync_server_offline","ja","サーバーオフライン"
"sync_server_starting","ja","起動中…"
"sync_server_online","ja","サーバーオンライン"
"sync_server_error","ja","エラー"
"sync_hero_subtitle","ja","同じWi-Fiネットワーク上の他のデバイスにAPKファイルを共有します。"
"sync_server_mode","ja","サーバーモード"
"sync_server_running","ja","実行中"
"sync_server_tap_to_start","ja","タップして開始"
"sync_server_settings","ja","サーバー設定"
"sync_port","ja","ポート"
"sync_require_pin","ja","PINを要求する"
"sync_require_pin_subtitle","ja","パスワードで転送を保護する"
"sync_pin_code","ja","PINコード"
"sync_active_downloads","ja","アクティブなダウンロード"
"sync_active_downloads_count","ja","%d 件ダウンロード中"
"sync_no_active_downloads","ja","アクティブなダウンロードはありません"
"sync_server_url","ja","サーバーURL"
"sync_active_transfer","ja","アクティブな転送"
"sync_active_transfers_count","ja","アクティブな転送 (%d)"
"sync_add_files_to_share","ja","共有するファイルを追加"
"sync_shared_files_count","ja","共有ファイル (%1$d)"
"sync_empty_state_message","ja","ファイルを共有するにはサーバーをオンにしてください"
"sync_delete_cd","ja","削除"
"sync_percentage","ja","%1$d%%"
"sync_transfer_progress","ja","%1$s / %2$s"
"sync_toast_added_skipped","ja","%1$d個のファイルを追加し、%2$d個の非対応ファイルをスキップしました"
"sync_toast_added","ja","同期フォルダに%1$d個のファイルを追加しました"
"sync_toast_unsupported","ja","対応するパッケージファイルが選択されていません (apk, apk+, apks, xapk, apkm, zip)"
"sync_toast_failed","ja","ファイルのコピーに失敗しました"
"file_size_gb","ja","%1$.1f GB"
"file_size_mb","ja","%1$.1f MB"
"file_size_kb","ja","%1$.0f KB"
"file_size_b","ja","%1$d B"
"setting_retry_root","ja","Rootプローブを再試行"
"setting_section_interface","ja","インターフェース"
"setting_section_security","ja","セキュリティ"
"setting_lock_install_title","ja","インストールをロック"
"setting_lock_install_subtitle","ja","インストールの確認に生体認証を要求する"
"setting_lock_uninstall_title","ja","アンインストールをロック"
"setting_lock_uninstall_subtitle","ja","アンインストールの確認に生体認証を要求する"
"setting_biometric_unavailable","ja","このデバイスには生体認証またはデバイスロックが設定されていません。"
"setting_section_sync_short","ja","同期"
"setting_sync_control_panel","ja","同期コントロールパネル"
"setting_section_advanced","ja","詳細設定"
"setting_vt_api_key_title","ja","VirusTotal APIキー"
"setting_vt_api_key_placeholder","ja","ここにAPIキーを貼り付けてください…"
"setting_diagnostics_title","ja","診断"
"setting_installer_package_title","ja","インストーラパッケージ"
"backup_settings_title","ja","バックアップ設定"
"backup_output_path","ja","出力パス"
"backup_filename_template","ja","ファイル名のテンプレート"
"backup_tags_hint","ja","タグ: {name}, {pkg}, {version}, {code}"
"app_name","ko","Universal Installer"
"download_notif_running_text","ko","%1$s / %2$s · %3$d%%"
"source_action_browse_packages_sub","ko",".APK · .APK+ · .XAPK · .APKS · .APKM"
"obb_copy_progress","ko","%1$s / %2$s · %3$d%%"
"obb_notif_running_text","ko","%d%%"
"apk_info_version_detail","ko","%1$s (%2$d)"
"uninstall_current_sort_summary","ko","%1$s %2$s"
"setting_shizuku_installer_preset_play","ko","Google Play Store"
"setting_shizuku_installer_preset_aurora","ko","Aurora Store"
"setting_shizuku_installer_preset_fdroid","ko","F-Droid"
"setting_shizuku_installer_preset_amazon","ko","Amazon Appstore"
"setting_shizuku_installer_preset_samsung","ko","Samsung Galaxy Store"
"setting_shizuku_installer_preset_huawei","ko","Huawei AppGallery"
"setting_shizuku_installer_preset_xiaomi","ko","Xiaomi GetApps"
"setting_about_app_name","ko","Universal Installer"
"setting_github_title","ko","GitHub"
"setting_telegram_title","ko","Telegram"
"setting_website_subtitle","ko","universal-installer.pwhs.app"
"setting_rate_title","ko","앱 평가하기"
"about_creator_subtitle","ko","Pass With High Score"
"about_license_subtitle","ko","GNU GPL v3"
"about_btn_ok","ko","확인"
"installer_mode_shizuku","ko","Shizuku"
"installer_mode_root","ko","Root"
"tv_sync_screen_title","ko","TV로 보내기"
"tv_sync_hero_title","ko","TV로 앱 보내기"
"tv_sync_instructions","ko","TV에서 Universal Installer → Install을 열고 거기에 표시된 QR 코드를 스캔하세요."
"tv_sync_btn_scan","ko","TV QR 스캔"
"tv_sync_prompt_scan","ko","TV의 QR 코드를 스캔하세요"
"tv_sync_status_connected","ko","%1$s에 연결됨"
"tv_sync_btn_choose_apk","ko","보낼 APK 선택"
"tv_sync_btn_rescan","ko","다른 TV 스캔"
"tv_sync_status_sending","ko","보내는 중…"
"tv_sync_status_sent","ko","전송 완료 ✓ — TV에서 설치를 확인하세요"
"tv_sync_status_failed","ko","실패: %1$s"
"sync_storage_permission_title","ko","저장소 권한 필요"
"sync_storage_permission_message","ko","동기화 서버가 APK 파일을 공유하고 관리하려면 모든 저장소 접근 권한이 필요합니다. 설정에서 모든 파일 접근을 허용해 주세요."
"sync_open_settings","ko","설정 열기"
"sync_qr_code_title","ko","QR 코드 스캔"
"sync_qr_code_message","ko","카메라를 열고 이 코드를 스캔하여 서버에 액세스하세요."
"sync_close","ko","닫기"
"sync_server_offline","ko","서버 오프라인"
"sync_server_starting","ko","시작 중…"
"sync_server_online","ko","서버 온라인"
"sync_server_error","ko","오류"
"sync_hero_subtitle","ko","동일한 Wi-Fi 네트워크에 있는 다른 기기와 APK 파일을 공유하세요."
"sync_server_mode","ko","서버 모드"
"sync_server_running","ko","실행 중"
"sync_server_tap_to_start","ko","탭하여 시작"
"sync_server_settings","ko","서버 설정"
"sync_port","ko","포트"
"sync_require_pin","ko","PIN 요구"
"sync_require_pin_subtitle","ko","비밀번호로 전송 보호"
"sync_pin_code","ko","PIN 코드"
"sync_active_downloads","ko","활성 다운로드"
"sync_active_downloads_count","ko","%d개 다운로드 중"
"sync_no_active_downloads","ko","활성 다운로드 없음"
"sync_server_url","ko","서버 URL"
"sync_active_transfer","ko","활성 전송"
"sync_active_transfers_count","ko","활성 전송 (%d)"
"sync_add_files_to_share","ko","공유할 파일 추가"
"sync_shared_files_count","ko","공유된 파일 (%1$d)"
"sync_empty_state_message","ko","파일 공유를 시작하려면 서버를 켜세요"
"sync_delete_cd","ko","삭제"
"sync_percentage","ko","%1$d%%"
"sync_transfer_progress","ko","%1$s / %2$s"
"sync_toast_added_skipped","ko","%1$d개의 파일을 추가하고, 지원되지 않는 %2$d개의 파일을 건너뛰었습니다"
"sync_toast_added","ko","동기화 폴더에 %1$d개의 파일을 추가했습니다"
"sync_toast_unsupported","ko","지원되는 패키지 파일이 선택되지 않았습니다 (apk, apk+, apks, xapk, apkm, zip)"
"sync_toast_failed","ko","파일 복사 실패"
"file_size_gb","ko","%1$.1f GB"
"file_size_mb","ko","%1$.1f MB"
"file_size_kb","ko","%1$.0f KB"
"file_size_b","ko","%1$d B"
"setting_retry_root","ko","루트 프로브 재시도"
"setting_section_interface","ko","인터페이스"
"setting_section_security","ko","보안"
"setting_lock_install_title","ko","설치 잠금"
"setting_lock_install_subtitle","ko","설치 확인을 위해 생체 인식 필요"
"setting_lock_uninstall_title","ko","제거 잠금"
"setting_lock_uninstall_subtitle","ko","제거 확인을 위해 생체 인식 필요"
"setting_biometric_unavailable","ko","이 기기에는 생체 인식 또는 기기 잠금이 설정되어 있지 않습니다."
"setting_section_sync_short","ko","동기화"
"setting_sync_control_panel","ko","동기화 제어판"
"setting_section_advanced","ko","고급"
"setting_vt_api_key_title","ko","VirusTotal API 키"
"setting_vt_api_key_placeholder","ko","여기에 API 키 붙여넣기…"
"setting_diagnostics_title","ko","진단"
"setting_installer_package_title","ko","설치 패키지"
"backup_settings_title","ko","백업 설정"
"backup_output_path","ko","출력 경로"
"backup_filename_template","ko","파일 이름 템플릿"
"backup_tags_hint","ko","태그: {name}, {pkg}, {version}, {code}"
"app_name","pt-rBR","Universal Installer"
"download_notif_running_text","pt-rBR","%1$s / %2$s · %3$d%%"
"source_action_browse_packages_sub","pt-rBR",".APK · .APK+ · .XAPK · .APKS · .APKM"
"obb_copy_progress","pt-rBR","%1$s / %2$s · %3$d%%"
"obb_notif_running_text","pt-rBR","%d%%"
"apk_info_version_detail","pt-rBR","%1$s (%2$d)"
"uninstall_current_sort_summary","pt-rBR","%1$s %2$s"
"setting_shizuku_installer_preset_play","pt-rBR","Google Play Store"
"setting_shizuku_installer_preset_aurora","pt-rBR","Aurora Store"
"setting_shizuku_installer_preset_fdroid","pt-rBR","F-Droid"
"setting_shizuku_installer_preset_amazon","pt-rBR","Amazon Appstore"
"setting_shizuku_installer_preset_samsung","pt-rBR","Samsung Galaxy Store"
"setting_shizuku_installer_preset_huawei","pt-rBR","Huawei AppGallery"
"setting_shizuku_installer_preset_xiaomi","pt-rBR","Xiaomi GetApps"
"setting_about_app_name","pt-rBR","Universal Installer"
"setting_github_title","pt-rBR","GitHub"
"setting_telegram_title","pt-rBR","Telegram"
"setting_website_subtitle","pt-rBR","universal-installer.pwhs.app"
"setting_rate_title","pt-rBR","Avaliar aplicativo"
"about_creator_subtitle","pt-rBR","Pass With High Score"
"about_license_subtitle","pt-rBR","GNU GPL v3"
"about_btn_ok","pt-rBR","OK"
"installer_mode_shizuku","pt-rBR","Shizuku"
"installer_mode_root","pt-rBR","Root"
"tv_sync_screen_title","pt-rBR","Enviar para a TV"
"tv_sync_hero_title","pt-rBR","Envie um aplicativo para sua TV"
"tv_sync_instructions","pt-rBR","Na TV, abra o Universal Installer → Install e escaneie o código QR exibido."
"tv_sync_btn_scan","pt-rBR","Escanear QR da TV"
"tv_sync_prompt_scan","pt-rBR","Escaneie o código QR na sua TV"
"tv_sync_status_connected","pt-rBR","Conectado a %1$s"
"tv_sync_btn_choose_apk","pt-rBR","Escolha o APK para enviar"
"tv_sync_btn_rescan","pt-rBR","Escanear outra TV"
"tv_sync_status_sending","pt-rBR","Enviando…"
"tv_sync_status_sent","pt-rBR","Enviado ✓ — confirme a instalação na sua TV"
"tv_sync_status_failed","pt-rBR","Falha: %1$s"
"sync_storage_permission_title","pt-rBR","Permissão de armazenamento necessária"
"sync_storage_permission_message","pt-rBR","O servidor de sincronização precisa de acesso total ao armazenamento para compartilhar e gerenciar arquivos APK. Por favor, conceda Acesso a todos os arquivos nas Configurações."
"sync_open_settings","pt-rBR","Abrir Configurações"
"sync_qr_code_title","pt-rBR","Escanear Código QR"
"sync_qr_code_message","pt-rBR","Abra a câmera e escaneie este código para acessar o servidor."
"sync_close","pt-rBR","Fechar"
"sync_server_offline","pt-rBR","Servidor Offline"
"sync_server_starting","pt-rBR","Iniciando…"
"sync_server_online","pt-rBR","Servidor Online"
"sync_server_error","pt-rBR","Erro"
"sync_hero_subtitle","pt-rBR","Compartilhe arquivos APK com outros dispositivos na mesma rede Wi-Fi."
"sync_server_mode","pt-rBR","Modo Servidor"
"sync_server_running","pt-rBR","Em execução"
"sync_server_tap_to_start","pt-rBR","Toque para iniciar"
"sync_server_settings","pt-rBR","Configurações do Servidor"
"sync_port","pt-rBR","Porta"
"sync_require_pin","pt-rBR","Exigir PIN"
"sync_require_pin_subtitle","pt-rBR","Proteger transferências com uma senha"
"sync_pin_code","pt-rBR","Código PIN"
"sync_active_downloads","pt-rBR","Downloads Ativos"
"sync_active_downloads_count","pt-rBR","%d baixando"
"sync_no_active_downloads","pt-rBR","Nenhum download ativo"
"sync_server_url","pt-rBR","URL do Servidor"
"sync_active_transfer","pt-rBR","Transferência Ativa"
"sync_active_transfers_count","pt-rBR","Transferências Ativas (%d)"
"sync_add_files_to_share","pt-rBR","Adicionar arquivos para compartilhar"
"sync_shared_files_count","pt-rBR","Arquivos Compartilhados (%1$d)"
"sync_empty_state_message","pt-rBR","Ligue o servidor para começar a compartilhar arquivos"
"sync_delete_cd","pt-rBR","Excluir"
"sync_percentage","pt-rBR","%1$d%%"
"sync_transfer_progress","pt-rBR","%1$s / %2$s"
"sync_toast_added_skipped","pt-rBR","%1$d arquivo(s) adicionado(s), %2$d não suportado(s) ignorado(s)"
"sync_toast_added","pt-rBR","%1$d arquivo(s) adicionado(s) à pasta de sincronização"
"sync_toast_unsupported","pt-rBR","Nenhum arquivo de pacote suportado selecionado (apk, apk+, apks, xapk, apkm, zip)"
"sync_toast_failed","pt-rBR","Falha ao copiar arquivos"
"file_size_gb","pt-rBR","%1$.1f GB"
"file_size_mb","pt-rBR","%1$.1f MB"
"file_size_kb","pt-rBR","%1$.0f KB"
"file_size_b","pt-rBR","%1$d B"
"setting_retry_root","pt-rBR","Tentar novamente o Root Probe"
"setting_section_interface","pt-rBR","Interface"
"setting_section_security","pt-rBR","Segurança"
"setting_lock_install_title","pt-rBR","Bloquear Instalações"
"setting_lock_install_subtitle","pt-rBR","Exigir biometria para confirmar a instalação"
"setting_lock_uninstall_title","pt-rBR","Bloquear Desinstalações"
"setting_lock_uninstall_subtitle","pt-rBR","Exigir biometria para confirmar a desinstalação"
"setting_biometric_unavailable","pt-rBR","Nenhuma biometria ou bloqueio de dispositivo configurado neste dispositivo."
"setting_section_sync_short","pt-rBR","Sincronização"
"setting_sync_control_panel","pt-rBR","Painel de Controle de Sincronização"
"setting_section_advanced","pt-rBR","Avançado"
"setting_vt_api_key_title","pt-rBR","Chave da API do VirusTotal"
"setting_vt_api_key_placeholder","pt-rBR","Cole a chave da API aqui…"
"setting_diagnostics_title","pt-rBR","Diagnósticos"
"setting_installer_package_title","pt-rBR","Pacote do Instalador"
"backup_settings_title","pt-rBR","Configurações de Backup"
"backup_output_path","pt-rBR","Caminho de Saída"
"backup_filename_template","pt-rBR","Modelo de Nome de Arquivo"
"backup_tags_hint","pt-rBR","Tags: {name}, {pkg}, {version}, {code}"
"file_size_gb","pt-rBR","%1$.1f GB"
"file_size_mb","pt-rBR","%1$.1f MB"
"file_size_kb","pt-rBR","%1$.0f KB"
"file_size_b","pt-rBR","%1$d B"
"setting_retry_root","pt-rBR","Repetir Teste de Root"
"setting_section_interface","pt-rBR","Interface"
"setting_section_security","pt-rBR","Segurança"
"setting_lock_install_title","pt-rBR","Bloquear Instalações"
"setting_lock_install_subtitle","pt-rBR","Exigir biometria para confirmar instalação"
"setting_lock_uninstall_title","pt-rBR","Bloquear Desinstalações"
"setting_lock_uninstall_subtitle","pt-rBR","Exigir biometria para confirmar desinstalação"
"setting_biometric_unavailable","pt-rBR","Nenhuma biometria ou bloqueio de tela configurado neste dispositivo."
"setting_section_sync_short","pt-rBR","Sincronizar"
"setting_sync_control_panel","pt-rBR","Painel de Sincronização"
"setting_section_advanced","pt-rBR","Avançado"
"setting_vt_api_key_title","pt-rBR","Chave de API do VirusTotal"
"setting_vt_api_key_placeholder","pt-rBR","Cole a chave de API aqui…"
"setting_diagnostics_title","pt-rBR","Diagnósticos"
"setting_installer_package_title","pt-rBR","Pacote do Instalador"
"backup_settings_title","pt-rBR","Configurações de Backup"
"backup_output_path","pt-rBR","Caminho de Saída"
"backup_filename_template","pt-rBR","Modelo de Nome de Arquivo"
"backup_tags_hint","pt-rBR","Tags: {name}, {pkg}, {version}, {code}"
"tv_sync_screen_title","ro","Trimite către TV"
"tv_sync_hero_title","ro","Trimite o aplicație către TV"
"tv_sync_instructions","ro","Pe TV, deschide Universal Installer → Instalare, apoi scanează codul QR afișat acolo."
"tv_sync_btn_scan","ro","Scanează QR-ul TV-ului"
"tv_sync_prompt_scan","ro","Scanează codul QR de pe TV-ul tău"
"tv_sync_status_connected","ro","Conectat la %1$s"
"tv_sync_btn_choose_apk","ro","Alege APK-ul de trimis"
"tv_sync_btn_rescan","ro","Scanează alt TV"
"tv_sync_status_sending","ro","Se trimite…"
"tv_sync_status_sent","ro","Trimis ✓ — confirmă instalarea pe TV"
"tv_sync_status_failed","ro","A eșuat: %1$s"
"sync_storage_permission_title","ro","Este necesară permisiunea de stocare"
"sync_storage_permission_message","ro","Serverul de sincronizare are nevoie de acces complet la stocare pentru a partaja și gestiona fișiere APK. Vă rugăm să acordați Acces la toate fișierele în Setări."
"sync_open_settings","ro","Deschide Setările"
"sync_qr_code_title","ro","Scanează codul QR"
"sync_qr_code_message","ro","Deschide camera și scanează acest cod pentru a accesa serverul."
"sync_close","ro","Închide"
"sync_server_offline","ro","Server Deconectat"
"sync_server_starting","ro","Pornire…"
"sync_server_online","ro","Server Conectat"
"sync_server_error","ro","Eroare"
"sync_hero_subtitle","ro","Partajează fișiere APK cu alte dispozitive din aceeași rețea Wi-Fi."
"sync_server_mode","ro","Mod Server"
"sync_server_running","ro","În execuție"
"sync_server_tap_to_start","ro","Apasă pentru a porni"
"sync_server_settings","ro","Setări Server"
"sync_port","ro","Port"
"sync_require_pin","ro","Necesită PIN"
"sync_require_pin_subtitle","ro","Protejează transferurile cu o parolă"
"sync_pin_code","ro","Cod PIN"
"sync_active_downloads","ro","Descărcări Active"
"sync_active_downloads_count","ro","Se descarcă %d"
"sync_no_active_downloads","ro","Fără descărcări active"
"sync_server_url","ro","URL Server"
"sync_active_transfer","ro","Transfer Activ"
"sync_active_transfers_count","ro","Transferuri Active (%d)"
"sync_add_files_to_share","ro","Adaugă Fișiere pentru Partajare"
"sync_shared_files_count","ro","Fișiere Partajate (%1$d)"
"sync_empty_state_message","ro","Pornește serverul pentru a începe partajarea fișierelor"
"sync_delete_cd","ro","Șterge"
"sync_percentage","ro","%1$d%%"
"sync_transfer_progress","ro","%1$s / %2$s"
"sync_toast_added_skipped","ro","S-au adăugat %1$d fișier(e), s-au omis %2$d neacceptate"
"sync_toast_added","ro","S-au adăugat %1$d fișier(e) la Dosarul Sincronizare"
"sync_toast_unsupported","ro","Nu a fost selectat niciun pachet de fișiere acceptat (apk, apk+, apks, xapk, apkm, zip)"
"sync_toast_failed","ro","Copiarea fișierelor a eșuat"
"file_size_gb","ro","%1$.1f GB"
"file_size_mb","ro","%1$.1f MB"
"file_size_kb","ro","%1$.0f KB"
"file_size_b","ro","%1$d B"
"setting_retry_root","ro","Reîncearcă testul Root"
"setting_section_interface","ro","Interfață"
"setting_section_security","ro","Securitate"
"setting_lock_install_title","ro","Blochează instalările"
"setting_lock_install_subtitle","ro","Necesită autentificare biometrică pentru instalare"
"setting_lock_uninstall_title","ro","Blochează dezinstalările"
"setting_lock_uninstall_subtitle","ro","Necesită autentificare biometrică pentru dezinstalare"
"setting_biometric_unavailable","ro","Nu este configurată autentificarea biometrică sau blocarea dispozitivului."
"setting_section_sync_short","ro","Sincronizare"
"setting_sync_control_panel","ro","Panou Control Sincronizare"
"setting_section_advanced","ro","Avansat"
"setting_vt_api_key_title","ro","Cheie API VirusTotal"
"setting_vt_api_key_placeholder","ro","Lipește cheia API aici…"
"setting_diagnostics_title","ro","Diagnosticare"
"setting_installer_package_title","ro","Pachet Instalator"
"backup_settings_title","ro","Setări Copie de Siguranță"
"backup_output_path","ro","Calea de ieșire"
"backup_filename_template","ro","Șablon Nume Fișier"
"backup_tags_hint","ro","Etichete: {name}, {pkg}, {version}, {code}"
"app_name","ru","Universal Installer"
"download_notif_running_text","ru","%1$s / %2$s · %3$d%%"
"source_action_browse_packages_sub","ru",".APK · .APK+ · .XAPK · .APKS · .APKM"
"obb_copy_progress","ru","%1$s / %2$s · %3$d%%"
"obb_notif_running_text","ru","%d%%"
"apk_info_version_detail","ru","%1$s (%2$d)"
"uninstall_current_sort_summary","ru","%1$s %2$s"
"setting_shizuku_installer_preset_play","ru","Google Play Store"
"setting_shizuku_installer_preset_aurora","ru","Aurora Store"
"setting_shizuku_installer_preset_fdroid","ru","F-Droid"
"setting_shizuku_installer_preset_amazon","ru","Amazon Appstore"
"setting_shizuku_installer_preset_samsung","ru","Samsung Galaxy Store"
"setting_shizuku_installer_preset_huawei","ru","Huawei AppGallery"
"setting_shizuku_installer_preset_xiaomi","ru","Xiaomi GetApps"
"setting_about_app_name","ru","Universal Installer"
"setting_github_title","ru","GitHub"
"setting_telegram_title","ru","Telegram"
"setting_website_subtitle","ru","universal-installer.pwhs.app"
"setting_rate_title","ru","Оценить приложение"
"about_creator_subtitle","ru","Pass With High Score"
"about_license_subtitle","ru","GNU GPL v3"
"about_btn_ok","ru","ОК"
"installer_mode_shizuku","ru","Shizuku"
"installer_mode_root","ru","Root"
"tv_sync_screen_title","ru","Отправить на ТВ"
"tv_sync_hero_title","ru","Отправить приложение на ваш ТВ"
"tv_sync_instructions","ru","На ТВ откройте Universal Installer → Установить, затем отсканируйте показанный там QR-код."
"tv_sync_btn_scan","ru","Сканировать QR-код ТВ"
"tv_sync_prompt_scan","ru","Отсканируйте QR-код на вашем ТВ"
"tv_sync_status_connected","ru","Подключено к %1$s"
"tv_sync_btn_choose_apk","ru","Выберите APK для отправки"
"tv_sync_btn_rescan","ru","Сканировать другой ТВ"
"tv_sync_status_sending","ru","Отправка…"
"tv_sync_status_sent","ru","Отправлено ✓ — подтвердите установку на вашем ТВ"
"tv_sync_status_failed","ru","Ошибка: %1$s"
"sync_storage_permission_title","ru","Требуется разрешение к памяти"
"sync_storage_permission_message","ru","Серверу синхронизации нужен полный доступ к хранилищу для обмена и управления APK-файлами. Пожалуйста, предоставьте Доступ ко всем файлам в Настройках."
"sync_open_settings","ru","Открыть настройки"
"sync_qr_code_title","ru","Сканировать QR-код"
"sync_qr_code_message","ru","Откройте камеру и отсканируйте этот код для доступа к серверу."
"sync_close","ru","Закрыть"
"sync_server_offline","ru","Сервер выключен"
"sync_server_starting","ru","Запуск…"
"sync_server_online","ru","Сервер онлайн"
"sync_server_error","ru","Ошибка"
"sync_hero_subtitle","ru","Делитесь файлами APK с другими устройствами в этой же Wi-Fi сети."
"sync_server_mode","ru","Режим сервера"
"sync_server_running","ru","Запущен"
"sync_server_tap_to_start","ru","Нажмите для запуска"
"sync_server_settings","ru","Настройки сервера"
"sync_port","ru","Порт"
"sync_require_pin","ru","Требовать PIN"
"sync_require_pin_subtitle","ru","Защитите передачу паролем"
"sync_pin_code","ru","PIN-код"
"sync_active_downloads","ru","Активные загрузки"
"sync_active_downloads_count","ru","Загружается %d"
"sync_no_active_downloads","ru","Нет активных загрузок"
"sync_server_url","ru","URL сервера"
"sync_active_transfer","ru","Активная передача"
"sync_active_transfers_count","ru","Активные передачи (%d)"
"sync_add_files_to_share","ru","Добавить файлы для обмена"
"sync_shared_files_count","ru","Общие файлы (%1$d)"
"sync_empty_state_message","ru","Включите сервер, чтобы начать делиться файлами"
"sync_delete_cd","ru","Удалить"
"sync_percentage","ru","%1$d%%"
"sync_transfer_progress","ru","%1$s / %2$s"
"sync_toast_added_skipped","ru","Добавлено %1$d файлов, пропущено %2$d неподдерживаемых"
"sync_toast_added","ru","Добавлено %1$d файлов в папку синхронизации"
"sync_toast_unsupported","ru","Не выбрано поддерживаемых файлов (apk, apk+, apks, xapk, apkm, zip)"
"sync_toast_failed","ru","Не удалось скопировать файлы"
"file_size_gb","ru","%1$.1f ГБ"
"file_size_mb","ru","%1$.1f МБ"
"file_size_kb","ru","%1$.0f КБ"
"file_size_b","ru","%1$d Б"
"setting_retry_root","ru","Повторить проверку Root"
"setting_section_interface","ru","Интерфейс"
"setting_section_security","ru","Безопасность"
"setting_lock_install_title","ru","Блокировка установок"
"setting_lock_install_subtitle","ru","Требовать биометрию для подтверждения установки"
"setting_lock_uninstall_title","ru","Блокировка удалений"
"setting_lock_uninstall_subtitle","ru","Требовать биометрию для подтверждения удаления"
"setting_biometric_unavailable","ru","На этом устройстве не настроена биометрия или блокировка экрана."
"setting_section_sync_short","ru","Синхронизация"
"setting_sync_control_panel","ru","Панель синхронизации"
"setting_section_advanced","ru","Дополнительно"
"setting_vt_api_key_title","ru","API-ключ VirusTotal"
"setting_vt_api_key_placeholder","ru","Вставьте API-ключ сюда…"
"setting_diagnostics_title","ru","Диагностика"
"setting_installer_package_title","ru","Пакет установщика"
"backup_settings_title","ru","Настройки резервного копирования"
"backup_output_path","ru","Путь сохранения"
"backup_filename_template","ru","Шаблон имени файла"
"backup_tags_hint","ru","Теги: {name}, {pkg}, {version}, {code}"
"app_name","tr","Universal Installer"
"download_notif_running_text","tr","%1$s / %2$s · %3$d%%"
"source_action_browse_packages_sub","tr",".APK · .APK+ · .XAPK · .APKS · .APKM"
"obb_copy_progress","tr","%1$s / %2$s · %3$d%%"
"obb_notif_running_text","tr","%d%%"
"apk_info_version_detail","tr","%1$s (%2$d)"
"uninstall_current_sort_summary","tr","%1$s %2$s"
"setting_shizuku_installer_preset_play","tr","Google Play Store"
"setting_shizuku_installer_preset_aurora","tr","Aurora Store"
"setting_shizuku_installer_preset_fdroid","tr","F-Droid"
"setting_shizuku_installer_preset_amazon","tr","Amazon Appstore"
"setting_shizuku_installer_preset_samsung","tr","Samsung Galaxy Store"
"setting_shizuku_installer_preset_huawei","tr","Huawei AppGallery"
"setting_shizuku_installer_preset_xiaomi","tr","Xiaomi GetApps"
"setting_about_app_name","tr","Universal Installer"
"setting_github_title","tr","GitHub"
"setting_telegram_title","tr","Telegram"
"setting_website_subtitle","tr","universal-installer.pwhs.app"
"setting_rate_title","tr","Uygulamayı Değerlendir"
"about_creator_subtitle","tr","Pass With High Score"
"about_license_subtitle","tr","GNU GPL v3"
"about_btn_ok","tr","Tamam"
"installer_mode_shizuku","tr","Shizuku"
"installer_mode_root","tr","Root"
"tv_sync_screen_title","tr","TV'ye Gönder"
"tv_sync_hero_title","tr","TV'nize bir uygulama gönderin"
"tv_sync_instructions","tr","TV'de Universal Installer → Yükle bölümünü açın, ardından orada gösterilen QR kodunu tarayın."
"tv_sync_btn_scan","tr","TV QR Kodunu Tara"
"tv_sync_prompt_scan","tr","TV'nizdeki QR kodunu tarayın"
"tv_sync_status_connected","tr","%1$s cihazına bağlandı"
"tv_sync_btn_choose_apk","tr","Gönderilecek APK'yı seçin"
"tv_sync_btn_rescan","tr","Farklı bir TV tara"
"tv_sync_status_sending","tr","Gönderiliyor…"
"tv_sync_status_sent","tr","Gönderildi ✓ — TV'nizden yüklemeyi onaylayın"
"tv_sync_status_failed","tr","Başarısız: %1$s"
"sync_storage_permission_title","tr","Depolama İzni Gerekli"
"sync_storage_permission_message","tr","Senkronizasyon Sunucusu'nun APK dosyalarını paylaşması ve yönetmesi için tam depolama erişimine ihtiyacı var. Lütfen Ayarlar'dan Tüm dosyalara erişim izni verin."
"sync_open_settings","tr","Ayarları Aç"
"sync_qr_code_title","tr","QR Kodunu Tara"
"sync_qr_code_message","tr","Sunucuya erişmek için kameranızı açın ve bu kodu tarayın."
"sync_close","tr","Kapat"
"sync_server_offline","tr","Sunucu Çevrimdışı"
"sync_server_starting","tr","Başlatılıyor…"
"sync_server_online","tr","Sunucu Çevrimiçi"
"sync_server_error","tr","Hata"
"sync_hero_subtitle","tr","Aynı Wi-Fi ağındaki diğer cihazlarla APK dosyalarını paylaşın."
"sync_server_mode","tr","Sunucu Modu"
"sync_server_running","tr","Çalışıyor"
"sync_server_tap_to_start","tr","Başlatmak için dokunun"
"sync_server_settings","tr","Sunucu Ayarları"
"sync_port","tr","Bağlantı Noktası"
"sync_require_pin","tr","PIN Gerekli"
"sync_require_pin_subtitle","tr","Aktarımları parolayla koruyun"
"sync_pin_code","tr","PIN Kodu"
"sync_active_downloads","tr","Aktif İndirmeler"
"sync_active_downloads_count","tr","%d indiriliyor"
"sync_no_active_downloads","tr","Aktif indirme yok"
"sync_server_url","tr","Sunucu URL'si"
"sync_active_transfer","tr","Aktif Aktarım"
"sync_active_transfers_count","tr","Aktif Aktarımlar (%d)"
"sync_add_files_to_share","tr","Paylaşılacak Dosyaları Ekle"
"sync_shared_files_count","tr","Paylaşılan Dosyalar (%1$d)"
"sync_empty_state_message","tr","Dosya paylaşmaya başlamak için sunucuyu açın"
"sync_delete_cd","tr","Sil"
"sync_percentage","tr","%%1$d"
"sync_transfer_progress","tr","%1$s / %2$s"
"sync_toast_added_skipped","tr","%1$d dosya eklendi, %2$d desteklenmeyen dosya atlandı"
"sync_toast_added","tr","Senkronizasyon Klasörüne %1$d dosya eklendi"
"sync_toast_unsupported","tr","Desteklenen hiçbir paket dosyası seçilmedi (apk, apk+, apks, xapk, apkm, zip)"
"sync_toast_failed","tr","Dosyalar kopyalanamadı"
"file_size_gb","tr","%1$.1f GB"
"file_size_mb","tr","%1$.1f MB"
"file_size_kb","tr","%1$.0f KB"
"file_size_b","tr","%1$d B"
"setting_retry_root","tr","Root Kontrolünü Yeniden Dene"
"setting_section_interface","tr","Arayüz"
"setting_section_security","tr","Güvenlik"
"setting_lock_install_title","tr","Yüklemeleri Kilitle"
"setting_lock_install_subtitle","tr","Yüklemeyi onaylamak için biyometri gerekli"
"setting_lock_uninstall_title","tr","Kaldırmaları Kilitle"
"setting_lock_uninstall_subtitle","tr","Kaldırmayı onaylamak için biyometri gerekli"
"setting_biometric_unavailable","tr","Bu cihazda ayarlanmış bir biyometri veya cihaz kilidi yok."
"setting_section_sync_short","tr","Senkronizasyon"
"setting_sync_control_panel","tr","Senkronizasyon Kontrol Paneli"
"setting_section_advanced","tr","Gelişmiş"
"setting_vt_api_key_title","tr","VirusTotal API Anahtarı"
"setting_vt_api_key_placeholder","tr","API anahtarını buraya yapıştırın…"
"setting_diagnostics_title","tr","Teşhis"
"setting_installer_package_title","tr","Yükleyici Paketi"
"backup_settings_title","tr","Yedekleme Ayarları"
"backup_output_path","tr","Çıktı Yolu"
"backup_filename_template","tr","Dosya Adı Şablonu"
"backup_tags_hint","tr","Etiketler: {name}, {pkg}, {version}, {code}"
"app_name","uk","Universal Installer"
"download_notif_running_text","uk","%1$s / %2$s · %3$d%%"
"source_action_browse_packages_sub","uk",".APK · .APK+ · .XAPK · .APKS · .APKM"
"obb_copy_progress","uk","%1$s / %2$s · %3$d%%"
"obb_notif_running_text","uk","%d%%"
"apk_info_version_detail","uk","%1$s (%2$d)"
"uninstall_current_sort_summary","uk","%1$s %2$s"
"setting_shizuku_installer_preset_play","uk","Google Play Маркет"
"setting_shizuku_installer_preset_aurora","uk","Aurora Store"
"setting_shizuku_installer_preset_fdroid","uk","F-Droid"
"setting_shizuku_installer_preset_amazon","uk","Amazon Appstore"
"setting_shizuku_installer_preset_samsung","uk","Samsung Galaxy Store"
"setting_shizuku_installer_preset_huawei","uk","Huawei AppGallery"
"setting_shizuku_installer_preset_xiaomi","uk","Xiaomi GetApps"
"setting_about_app_name","uk","Universal Installer"
"setting_github_title","uk","GitHub"
"setting_telegram_title","uk","Telegram"
"setting_website_subtitle","uk","universal-installer.pwhs.app"
"setting_rate_title","uk","Оцінити додаток"
"about_creator_subtitle","uk","Pass With High Score"
"about_license_subtitle","uk","GNU GPL v3"
"about_btn_ok","uk","ОК"
"installer_mode_shizuku","uk","Shizuku"
"installer_mode_root","uk","Root"
"tv_sync_screen_title","uk","Надіслати на ТБ"
"tv_sync_hero_title","uk","Надіслати додаток на ваш ТБ"
"tv_sync_instructions","uk","На ТБ відкрийте Universal Installer → Встановити, потім відскануйте показаний там QR-код."
"tv_sync_btn_scan","uk","Сканувати QR-код ТБ"
"tv_sync_prompt_scan","uk","Відскануйте QR-код на вашому ТБ"
"tv_sync_status_connected","uk","Підключено до %1$s"
"tv_sync_btn_choose_apk","uk","Виберіть APK для надсилання"
"tv_sync_btn_rescan","uk","Сканувати інший ТБ"
"tv_sync_status_sending","uk","Надсилання…"
"tv_sync_status_sent","uk","Надіслано ✓ — підтвердьте встановлення на ТБ"
"tv_sync_status_failed","uk","Помилка: %1$s"
"sync_storage_permission_title","uk","Потрібен дозвіл на пам'ять"
"sync_storage_permission_message","uk","Серверу синхронізації потрібен повний доступ до пам'яті для обміну та керування файлами APK. Будь ласка, надайте Доступ до всіх файлів у Налаштуваннях."
"sync_open_settings","uk","Відкрити налаштування"
"sync_qr_code_title","uk","Сканувати QR-код"
"sync_qr_code_message","uk","Відкрийте камеру та відскануйте цей код, щоб отримати доступ до сервера."
"sync_close","uk","Закрити"
"sync_server_offline","uk","Сервер офлайн"
"sync_server_starting","uk","Запуск…"
"sync_server_online","uk","Сервер онлайн"
"sync_server_error","uk","Помилка"
"sync_hero_subtitle","uk","Діліться файлами APK з іншими пристроями в тій самій мережі Wi-Fi."
"sync_server_mode","uk","Режим сервера"
"sync_server_running","uk","Працює"
"sync_server_tap_to_start","uk","Торкніться, щоб почати"
"sync_server_settings","uk","Налаштування сервера"
"sync_port","uk","Порт"
"sync_require_pin","uk","Вимагати PIN"
"sync_require_pin_subtitle","uk","Захистити передачу паролем"
"sync_pin_code","uk","PIN-код"
"sync_active_downloads","uk","Активні завантаження"
"sync_active_downloads_count","uk","Завантажується %d"
"sync_no_active_downloads","uk","Немає активних завантажень"
"sync_server_url","uk","URL-адреса сервера"
"sync_active_transfer","uk","Активна передача"
"sync_active_transfers_count","uk","Активні передачі (%d)"
"sync_add_files_to_share","uk","Додати файли для обміну"
"sync_shared_files_count","uk","Спільні файли (%1$d)"
"sync_empty_state_message","uk","Увімкніть сервер, щоб почати ділитися файлами"
"sync_delete_cd","uk","Видалити"
"sync_percentage","uk","%1$d%%"
"sync_transfer_progress","uk","%1$s / %2$s"
"sync_toast_added_skipped","uk","Додано %1$d файл(ів), пропущено %2$d непідтримуваних"
"sync_toast_added","uk","Додано %1$d файл(ів) до папки синхронізації"
"sync_toast_unsupported","uk","Не вибрано жодного підтримуваного файлу пакета (apk, apk+, apks, xapk, apkm, zip)"
"sync_toast_failed","uk","Не вдалося скопіювати файли"
"file_size_gb","uk","%1$.1f ГБ"
"file_size_mb","uk","%1$.1f МБ"
"file_size_kb","uk","%1$.0f КБ"
"file_size_b","uk","%1$d Б"
"setting_retry_root","uk","Повторити перевірку Root"
"setting_section_interface","uk","Інтерфейс"
"setting_section_security","uk","Безпека"
"setting_lock_install_title","uk","Блокувати встановлення"
"setting_lock_install_subtitle","uk","Вимагати біометрію для підтвердження встановлення"
"setting_lock_uninstall_title","uk","Блокувати видалення"
"setting_lock_uninstall_subtitle","uk","Вимагати біометрію для підтвердження видалення"
"setting_biometric_unavailable","uk","На цьому пристрої не налаштовано біометрію або блокування."
"setting_section_sync_short","uk","Синхронізація"
"setting_sync_control_panel","uk","Панель керування синхронізацією"
"setting_section_advanced","uk","Розширені"
"setting_vt_api_key_title","uk","API-ключ VirusTotal"
"setting_vt_api_key_placeholder","uk","Вставте API-ключ тут…"
"setting_diagnostics_title","uk","Діагностика"
"setting_installer_package_title","uk","Пакет встановлювача"
"backup_settings_title","uk","Налаштування резервного копіювання"
"backup_output_path","uk","Шлях виводу"
"backup_filename_template","uk","Шаблон імені файлу"
"backup_tags_hint","uk","Теги: {name}, {pkg}, {version}, {code}"
"app_name","vi","Universal Installer"
"download_notif_running_text","vi","%1$s / %2$s · %3$d%%"
"source_action_browse_packages_sub","vi",".APK · .APK+ · .XAPK · .APKS · .APKM"
"obb_copy_progress","vi","%1$s / %2$s · %3$d%%"
"obb_notif_running_text","vi","%d%%"
"apk_info_version_detail","vi","%1$s (%2$d)"
"uninstall_current_sort_summary","vi","%1$s %2$s"
"setting_shizuku_installer_preset_play","vi","Cửa hàng Google Play"
"setting_shizuku_installer_preset_aurora","vi","Aurora Store"
"setting_shizuku_installer_preset_fdroid","vi","F-Droid"
"setting_shizuku_installer_preset_amazon","vi","Amazon Appstore"
"setting_shizuku_installer_preset_samsung","vi","Samsung Galaxy Store"
"setting_shizuku_installer_preset_huawei","vi","Huawei AppGallery"
"setting_shizuku_installer_preset_xiaomi","vi","Xiaomi GetApps"
"setting_about_app_name","vi","Universal Installer"
"setting_github_title","vi","GitHub"
"setting_telegram_title","vi","Telegram"
"setting_website_subtitle","vi","universal-installer.pwhs.app"
"setting_rate_title","vi","Đánh giá ứng dụng"
"about_creator_subtitle","vi","Pass With High Score"
"about_license_subtitle","vi","GNU GPL v3"
"about_btn_ok","vi","OK"
"installer_mode_shizuku","vi","Shizuku"
"installer_mode_root","vi","Root"
"tv_sync_screen_title","vi","Gửi tới TV"
"tv_sync_hero_title","vi","Gửi ứng dụng tới TV của bạn"
"tv_sync_instructions","vi","Trên TV, mở Universal Installer → Cài đặt, sau đó quét mã QR hiển thị ở đó."
"tv_sync_btn_scan","vi","Quét mã QR trên TV"
"tv_sync_prompt_scan","vi","Quét mã QR trên TV của bạn"
"tv_sync_status_connected","vi","Đã kết nối với %1$s"
"tv_sync_btn_choose_apk","vi","Chọn APK để gửi"
"tv_sync_btn_rescan","vi","Quét một TV khác"
"tv_sync_status_sending","vi","Đang gửi…"
"tv_sync_status_sent","vi","Đã gửi ✓ — xác nhận cài đặt trên TV của bạn"
"tv_sync_status_failed","vi","Thất bại: %1$s"
"sync_storage_permission_title","vi","Yêu cầu quyền bộ nhớ"
"sync_storage_permission_message","vi","Máy chủ đồng bộ cần toàn quyền truy cập bộ nhớ để chia sẻ và quản lý tệp APK. Vui lòng cấp quyền Cấp quyền truy cập tất cả các tệp trong Cài đặt."
"sync_open_settings","vi","Mở Cài đặt"
"sync_qr_code_title","vi","Quét mã QR"
"sync_qr_code_message","vi","Mở camera của bạn và quét mã này để truy cập máy chủ."
"sync_close","vi","Đóng"
"sync_server_offline","vi","Máy chủ ngoại tuyến"
"sync_server_starting","vi","Đang khởi động…"
"sync_server_online","vi","Máy chủ trực tuyến"
"sync_server_error","vi","Lỗi"
"sync_hero_subtitle","vi","Chia sẻ tệp APK với các thiết bị khác trên cùng mạng Wi-Fi."
"sync_server_mode","vi","Chế độ máy chủ"
"sync_server_running","vi","Đang chạy"
"sync_server_tap_to_start","vi","Nhấn để bắt đầu"
"sync_server_settings","vi","Cài đặt máy chủ"
"sync_port","vi","Cổng"
"sync_require_pin","vi","Yêu cầu mã PIN"
"sync_require_pin_subtitle","vi","Bảo vệ việc chuyển tệp bằng mật khẩu"
"sync_pin_code","vi","Mã PIN"
"sync_active_downloads","vi","Tải xuống đang hoạt động"
"sync_active_downloads_count","vi","Đang tải xuống %d"
"sync_no_active_downloads","vi","Không có tải xuống nào đang hoạt động"
"sync_server_url","vi","URL máy chủ"
"sync_active_transfer","vi","Chuyển tệp đang hoạt động"
"sync_active_transfers_count","vi","Chuyển tệp đang hoạt động (%d)"
"sync_add_files_to_share","vi","Thêm tệp để chia sẻ"
"sync_shared_files_count","vi","Tệp đã chia sẻ (%1$d)"
"sync_empty_state_message","vi","Bật máy chủ để bắt đầu chia sẻ tệp"
"sync_delete_cd","vi","Xóa"
"sync_percentage","vi","%1$d%%"
"sync_transfer_progress","vi","%1$s / %2$s"
"sync_toast_added_skipped","vi","Đã thêm %1$d tệp, bỏ qua %2$d tệp không được hỗ trợ"
"sync_toast_added","vi","Đã thêm %1$d tệp vào Thư mục Đồng bộ"
"sync_toast_unsupported","vi","Không có tệp gói nào được hỗ trợ (apk, apk+, apks, xapk, apkm, zip)"
"sync_toast_failed","vi","Sao chép tệp thất bại"
"file_size_gb","vi","%1$.1f GB"
"file_size_mb","vi","%1$.1f MB"
"file_size_kb","vi","%1$.0f KB"
"file_size_b","vi","%1$d B"
"setting_retry_root","vi","Thử lại tìm kiếm Root"
"setting_section_interface","vi","Giao diện"
"setting_section_security","vi","Bảo mật"
"setting_lock_install_title","vi","Khóa Cài đặt"
"setting_lock_install_subtitle","vi","Yêu cầu sinh trắc học để xác nhận cài đặt"
"setting_lock_uninstall_title","vi","Khóa Gỡ cài đặt"
"setting_lock_uninstall_subtitle","vi","Yêu cầu sinh trắc học để xác nhận gỡ cài đặt"
"setting_biometric_unavailable","vi","Không có sinh trắc học hoặc khóa màn hình nào được thiết lập trên thiết bị này."
"setting_section_sync_short","vi","Đồng bộ"
"setting_sync_control_panel","vi","Bảng điều khiển đồng bộ"
"setting_section_advanced","vi","Nâng cao"
"setting_vt_api_key_title","vi","Khóa API VirusTotal"
"setting_vt_api_key_placeholder","vi","Dán khóa API vào đây…"
"setting_diagnostics_title","vi","Chẩn đoán"
"setting_installer_package_title","vi","Gói cài đặt"
"backup_settings_title","vi","Cài đặt sao lưu"
"backup_output_path","vi","Đường dẫn xuất"
"backup_filename_template","vi","Mẫu tên tệp"
"backup_tags_hint","vi","Thẻ: {name}, {pkg}, {version}, {code}"
"app_name","zh","通用安装器"
"download_notif_running_text","zh","%1$s / %2$s · %3$d%%"
"source_action_browse_packages_sub","zh",".APK · .APK+ · .XAPK · .APKS · .APKM"
"obb_copy_progress","zh","%1$s / %2$s · %3$d%%"
"obb_notif_running_text","zh","%d%%"
"apk_info_version_detail","zh","%1$s (%2$d)"
"uninstall_current_sort_summary","zh","%1$s %2$s"
"setting_shizuku_installer_preset_play","zh","Google Play 商店"
"setting_shizuku_installer_preset_aurora","zh","Aurora Store"
"setting_shizuku_installer_preset_fdroid","zh","F-Droid"
"setting_shizuku_installer_preset_amazon","zh","Amazon Appstore"
"setting_shizuku_installer_preset_samsung","zh","三星应用商店"
"setting_shizuku_installer_preset_huawei","zh","华为应用市场"
"setting_shizuku_installer_preset_xiaomi","zh","小米应用商店"
"setting_about_app_name","zh","通用安装器"
"setting_github_title","zh","GitHub"
"setting_telegram_title","zh","Telegram"
"setting_website_subtitle","zh","universal-installer.pwhs.app"
"setting_rate_title","zh","评价应用"
"about_creator_subtitle","zh","Pass With High Score"
"about_license_subtitle","zh","GNU GPL v3"
"about_btn_ok","zh","确定"
"installer_mode_shizuku","zh","Shizuku"
"installer_mode_root","zh","Root"
"tv_sync_screen_title","zh","发送到电视"
"tv_sync_hero_title","zh","发送应用到电视"
"tv_sync_instructions","zh","在电视上，打开通用安装器 → 安装，然后扫描那里显示的二维码。"
"tv_sync_btn_scan","zh","扫描电视二维码"
"tv_sync_prompt_scan","zh","扫描电视上的二维码"
"tv_sync_status_connected","zh","已连接到 %1$s"
"tv_sync_btn_choose_apk","zh","选择要发送的 APK"
"tv_sync_btn_rescan","zh","扫描其他电视"
"tv_sync_status_sending","zh","发送中…"
"tv_sync_status_sent","zh","已发送 ✓ — 请在电视上确认安装"
"tv_sync_status_failed","zh","失败：%1$s"
"sync_storage_permission_title","zh","需要存储权限"
"sync_storage_permission_message","zh","同步服务器需要完全访问存储权限才能共享和管理 APK 文件。请在设置中授予“所有文件访问权限”。"
"sync_open_settings","zh","打开设置"
"sync_qr_code_title","zh","扫描二维码"
"sync_qr_code_message","zh","打开您的相机并扫描此代码以访问服务器。"
"sync_close","zh","关闭"
"sync_server_offline","zh","服务器离线"
"sync_server_starting","zh","正在启动…"
"sync_server_online","zh","服务器在线"
"sync_server_error","zh","错误"
"sync_hero_subtitle","zh","将 APK 文件共享到同一 Wi-Fi 网络上的其他设备。"
"sync_server_mode","zh","服务器模式"
"sync_server_running","zh","运行中"
"sync_server_tap_to_start","zh","点击开始"
"sync_server_settings","zh","服务器设置"
"sync_port","zh","端口"
"sync_require_pin","zh","需要 PIN 码"
"sync_require_pin_subtitle","zh","使用密码保护传输"
"sync_pin_code","zh","PIN 码"
"sync_active_downloads","zh","活动的下载"
"sync_active_downloads_count","zh","%d 个正在下载"
"sync_no_active_downloads","zh","没有活动的下载"
"sync_server_url","zh","服务器 URL"
"sync_active_transfer","zh","活动的传输"
"sync_active_transfers_count","zh","活动的传输 (%d)"
"sync_add_files_to_share","zh","添加要分享的文件"
"sync_shared_files_count","zh","已分享的文件 (%1$d)"
"sync_empty_state_message","zh","打开服务器以开始分享文件"
"sync_delete_cd","zh","删除"
"sync_percentage","zh","%1$d%%"
"sync_transfer_progress","zh","%1$s / %2$s"
"sync_toast_added_skipped","zh","添加了 %1$d 个文件，跳过了 %2$d 个不受支持的文件"
"sync_toast_added","zh","已将 %1$d 个文件添加到同步文件夹"
"sync_toast_unsupported","zh","未选择受支持的包文件 (apk, apk+, apks, xapk, apkm, zip)"
"sync_toast_failed","zh","复制文件失败"
"file_size_gb","zh","%1$.1f GB"
"file_size_mb","zh","%1$.1f MB"
"file_size_kb","zh","%1$.0f KB"
"file_size_b","zh","%1$d B"
"setting_retry_root","zh","重试 Root 检测"
"setting_section_interface","zh","界面"
"setting_section_security","zh","安全"
"setting_lock_install_title","zh","锁定安装"
"setting_lock_install_subtitle","zh","需要生物识别来确认安装"
"setting_lock_uninstall_title","zh","锁定卸载"
"setting_lock_uninstall_subtitle","zh","需要生物识别来确认卸载"
"setting_biometric_unavailable","zh","此设备上未设置生物识别或设备锁定。"
"setting_section_sync_short","zh","同步"
"setting_sync_control_panel","zh","同步控制面板"
"setting_section_advanced","zh","高级"
"setting_vt_api_key_title","zh","VirusTotal API 密钥"
"setting_vt_api_key_placeholder","zh","在此处粘贴 API 密钥…"
"setting_diagnostics_title","zh","诊断"
"setting_installer_package_title","zh","安装程序包"
"backup_settings_title","zh","备份设置"
"backup_output_path","zh","输出路径"
"backup_filename_template","zh","文件名模板"
"backup_tags_hint","zh","标签：{name}, {pkg}, {version}, {code}"